GEO.id,GEO.id2,GEO.display-label,HD01_VD02,HD02_VD02,HD01_VD04,HD02_VD04,HD01_VD05,HD02_VD05,HD01_VD06,HD02_VD06,HD01_VD08,HD02_VD08,HD01_VD09,HD02_VD09,HD01_VD10,HD02_VD10
Id,Id2,Geography,Estimate; Total:,Margin of Error; Total:,Estimate; Male -- - Total,Margin of Error; Male -- - Total,"Estimate; Male -- - Worked full-time, year-round in the past 12 months","Margin of Error; Male -- - Worked full-time, year-round in the past 12 months",Estimate; Male -- - Other,Margin of Error; Male -- - Other,Estimate; Female -- - Total,Margin of Error; Female -- - Total,"Estimate; Female -- - Worked full-time, year-round in the past 12 months","Margin of Error; Female -- - Worked full-time, year-round in the past 12 months",Estimate; Female -- - Other,Margin of Error; Female -- - Other
0500000US01003,01003,"Baldwin County, Alabama",25305,5515,22493,7825,26205,23646,10743,20393,25538,10446,30043,11399,7259,10210
0500000US01015,01015,"Calhoun County, Alabama",18632,4029,25082,13646,34032,11194,"2,500-",***,12776,5434,26792,9329,4547,2373
0500000US01049,01049,"DeKalb County, Alabama",14887,11321,-,**,-,**,-,**,13930,11400,16991,5909,"2,500-",***
0500000US01051,01051,"Elmore County, Alabama",20290,6557,29205,11138,41879,5931,16587,16859,11905,7180,23114,6083,4323,3512
0500000US01055,01055,"Etowah County, Alabama",15463,2001,15079,3073,21352,7827,4455,5618,15783,3104,18459,2656,8750,3866
0500000US01069,01069,"Houston County, Alabama",15294,1259,16640,3339,24418,7467,12336,1690,14200,1916,17157,1594,8465,2166
0500000US01073,01073,"Jefferson County, Alabama",21227,937,22550,3055,30663,1316,9541,1678,20516,855,27661,1487,8013,1074
0500000US01077,01077,"Lauderdale County, Alabama",16422,8634,22266,48812,50805,8197,10568,5808,12471,10045,24313,1373,7199,3827
0500000US01081,01081,"Lee County, Alabama",20348,2436,25654,5208,35574,6250,9245,2183,16229,1668,22017,1934,5648,1974
0500000US01083,01083,"Limestone County, Alabama",21257,4839,24000,27127,36092,25202,20657,46905,19507,4362,23022,4475,3302,1819
0500000US01089,01089,"Madison County, Alabama",19443,2033,22161,3076,34662,4476,7597,2733,16269,1742,27536,3451,6594,1348
0500000US01097,01097,"Mobile County, Alabama",16798,1280,19422,2176,27895,3410,8462,2501,14711,1870,21792,1353,7212,1600
0500000US01101,01101,"Montgomery County, Alabama",19083,2093,22388,2456,32042,4858,9122,1978,16346,1875,24773,2390,7042,1441
0500000US01103,01103,"Morgan County, Alabama",13592,6599,16044,10744,25204,7512,4043,7438,12265,4408,28415,13663,6224,4669
0500000US01115,01115,"St. Clair County, Alabama",23542,8396,13966,2684,16085,14988,5767,4926,35843,8232,36077,6085,-,**
0500000US01117,01117,"Shelby County, Alabama",30295,6566,32083,9491,40617,12591,2873,2560,21492,10825,36980,13017,15228,5492
0500000US01121,01121,"Talladega County, Alabama",11772,4199,11887,6521,27977,3941,4494,2222,11681,5084,17444,1442,4815,2555
0500000US01125,01125,"Tuscaloosa County, Alabama",18337,3335,25795,4415,31159,3468,7346,2374,15976,2221,24885,3241,4943,1496
0500000US01127,01127,"Walker County, Alabama",10536,11036,27473,6669,31621,12652,5263,9306,5370,2872,25968,8218,3876,1677
0500000US02020,02020,"Anchorage Municipality, Alaska",26723,6886,28199,9010,30925,12500,16919,23347,25198,17684,31076,5106,8958,11805
0500000US02090,02090,"Fairbanks North Star Borough, Alaska",19047,4110,13944,2514,22247,33704,12536,14890,26740,10129,39608,19344,19738,9892
0500000US04001,04001,"Apache County, Arizona",-,**,-,**,-,**,-,**,-,**,-,**,-,**
0500000US04003,04003,"Cochise County, Arizona",27267,9104,47324,23330,50445,5341,16477,28021,24403,7459,30772,11652,11704,4535
0500000US04005,04005,"Coconino County, Arizona",20953,3872,18488,11443,-,**,11250,45,26500,117905,"100,000+",***,-,**
0500000US04013,04013,"Maricopa County, Arizona",29899,2533,31298,1290,36320,4519,12906,4273,26264,3575,34236,1602,11160,724
0500000US04015,04015,"Mohave County, Arizona",22827,12804,24147,8306,23526,11069,-,**,11883,19498,-,**,11025,3375
0500000US04017,04017,"Navajo County, Arizona",11879,4184,11621,627,-,**,-,**,20816,24404,21735,18516,"2,500-",***
0500000US04019,04019,"Pima County, Arizona",22151,2235,21415,2658,32083,10441,7097,7085,23012,3288,32117,5821,7754,2381
0500000US04021,04021,"Pinal County, Arizona",27729,10277,30048,22881,42010,9410,19247,12619,24626,10643,24478,12624,25383,24879
0500000US04025,04025,"Yavapai County, Arizona",6560,17647,41983,28726,-,**,41983,28726,5816,3549,-,**,5816,3549
0500000US04027,04027,"Yuma County, Arizona",29231,13670,23491,21151,35529,27898,10549,25323,31360,3465,33074,5645,30698,22303
0500000US05007,05007,"Benton County, Arkansas",25094,24672,25136,23610,26910,19730,11536,5699,12425,118700,12425,118700,-,**
0500000US05031,05031,"Craighead County, Arkansas",15391,11336,15028,14524,41272,33775,3812,4817,15601,14803,31116,16244,7462,3249
0500000US05045,05045,"Faulkner County, Arkansas",21400,8568,31256,3245,35580,7803,17314,16523,15139,4653,37542,27799,5789,6278
0500000US05051,05051,"Garland County, Arkansas",12121,5351,11342,9973,31637,5830,9738,2397,15493,6897,17044,5356,6752,1799
0500000US05069,05069,"Jefferson County, Arkansas",16997,1600,17620,4384,35162,4342,5745,1536,16486,2392,27619,6265,7654,2627
0500000US05119,05119,"Pulaski County, Arkansas",19721,1428,21173,2420,29560,2836,6979,1460,18542,1834,27898,2182,7921,1630
0500000US05125,05125,"Saline County, Arkansas",14846,3918,12247,3291,40582,25320,11710,550,16854,10553,20313,16197,-,**
0500000US05131,05131,"Sebastian County, Arkansas",25415,3098,26117,8373,31082,2433,12318,6775,25241,3649,26254,2776,7091,15010
0500000US05143,05143,"Washington County, Arkansas",22844,3652,25819,5804,29195,18740,6945,18417,16979,13362,24455,6243,7802,15974
0500000US05145,05145,"White County, Arkansas",25038,9958,18341,17936,30216,15223,10359,3660,26185,6195,26984,6348,16743,18592
0500000US06001,06001,"Alameda County, California",30862,924,31142,1539,46140,3153,11533,2428,30636,1474,40399,2330,13437,4713
0500000US06007,06007,"Butte County, California",3819,2011,3410,23868,48702,15267,"2,500-",***,4217,3665,4541,45822,4090,3918
0500000US06013,06013,"Contra Costa County, California",35973,1878,36546,5421,45000,7858,12917,7586,35669,2843,41903,2834,13124,3552
0500000US06019,06019,"Fresno County, California",21368,4113,25924,9361,34842,12493,5589,2253,18566,4793,28472,7867,11224,1796
0500000US06023,06023,"Humboldt County, California",7463,10371,8598,11696,16782,8888,6801,3125,-,**,-,**,-,**
0500000US06029,06029,"Kern County, California",20065,3568,23884,4786,50302,23647,6786,3940,16948,2976,25855,4092,8724,1486
0500000US06031,06031,"Kings County, California",25159,7618,21065,9902,26529,13650,14809,16890,26707,7865,27131,8186,8250,42981
0500000US06033,06033,"Lake County, California",-,**,-,**,-,**,-,**,-,**,-,**,-,**
0500000US06037,06037,"Los Angeles County, California",30036,1112,30641,834,40712,748,12782,1434,28866,1871,38665,1697,11557,562
0500000US06041,06041,"Marin County, California",23801,21797,14565,32857,72544,24717,7162,2730,24464,22706,36854,8843,10623,6624
0500000US06053,06053,"Monterey County, California",30730,9974,18438,23144,57589,47176,7228,6104,35580,6002,37121,25036,24350,16193
0500000US06055,06055,"Napa County, California",40838,34508,40013,14891,60714,47254,7326,75809,56964,62006,68646,54049,5711,5148
0500000US06057,06057,"Nevada County, California",-,**,-,**,-,**,-,**,-,**,-,**,-,**
0500000US06059,06059,"Orange County, California",31240,1340,31732,4834,44309,7416,15669,8836,30969,1368,34316,7185,12549,3600
0500000US06065,06065,"Riverside County, California",28244,3502,32021,2921,40849,1816,10757,3430,25198,2640,32497,3820,10339,1888
0500000US06067,06067,"Sacramento County, California",27896,2746,31578,3293,44856,4541,10072,3227,25968,2946,36581,4293,11929,1694
0500000US06071,06071,"San Bernardino County, California",26769,1254,28777,3350,39388,3058,7862,1787,25406,2526,35505,2137,12696,4502
0500000US06073,06073,"San Diego County, California",28531,2024,31509,2959,36960,1497,12202,1560,25905,1617,34323,2870,10864,1883
0500000US06075,06075,"San Francisco County, California",28314,4786,30326,6092,45221,7396,4071,3813,26654,5913,41928,3822,15876,7602
0500000US06077,06077,"San Joaquin County, California",29224,8595,35435,7008,43773,9694,10151,3722,19894,5545,32785,6817,11492,2497
0500000US06081,06081,"San Mateo County, California",40205,5722,36228,9064,50549,20206,21152,12600,44434,6986,53255,14375,19080,12544
0500000US06083,06083,"Santa Barbara County, California",17120,11727,16909,12411,40020,5047,9315,9192,17419,16555,26853,18821,15616,16466
0500000US06085,06085,"Santa Clara County, California",32454,4445,39397,4140,49038,7886,14245,7764,25159,8355,36124,5181,11611,3936
0500000US06089,06089,"Shasta County, California",4849,25805,-,**,-,**,-,**,80169,68,80169,68,-,**
0500000US06095,06095,"Solano County, California",27053,7797,30783,5359,51155,7234,8416,3282,22470,12010,41099,3204,8493,4687
0500000US06097,06097,"Sonoma County, California",21247,5116,19702,4124,29337,22685,7158,9356,24139,10833,30677,9020,10498,13341
0500000US06099,06099,"Stanislaus County, California",15665,9839,20071,20207,46847,8183,3199,7438,14392,11878,31028,10765,6783,8260
0500000US06101,06101,"Sutter County, California",19398,3231,18815,790,19684,5376,18173,16546,49271,26905,29943,40528,-,**
0500000US06107,06107,"Tulare County, California",14316,19733,11722,73562,85418,202,8658,5437,15605,23053,30581,1852,11198,9954
0500000US06111,06111,"Ventura County, California",35425,6265,39889,4443,46526,9138,19789,24612,24826,10153,44654,10127,6378,1794
0500000US06115,06115,"Yuba County, California",25191,19202,40064,36091,23944,22209,40641,32300,25015,51955,-,**,"2,500-",***
0500000US08001,08001,"Adams County, Colorado",26456,4391,30188,7255,36939,5758,15602,5837,24651,4034,24978,13015,21117,31886
0500000US08005,08005,"Arapahoe County, Colorado",25219,2268,24412,3548,31920,5010,10363,3103,25705,2413,31041,3621,15252,6039
0500000US08013,08013,"Boulder County, Colorado",19023,8111,19476,7451,27346,102258,11941,6808,16954,14360,-,**,16493,11650
0500000US08031,08031,"Denver County, Colorado",24093,2487,26622,1663,30981,3535,16222,2168,18543,4471,31413,3128,8219,3807
0500000US08035,08035,"Douglas County, Colorado",64883,17018,72868,11829,74981,6523,55023,103497,61950,34112,64108,48812,60510,52878
0500000US08041,08041,"El Paso County, Colorado",26532,4506,32556,2217,35713,2330,11783,5062,19650,3783,30858,1525,11636,2911
0500000US08059,08059,"Jefferson County, Colorado",14444,21426,47696,47470,53113,38227,10774,9321,9553,5428,50089,21882,8216,6157
0500000US08101,08101,"Pueblo County, Colorado",25280,19165,25426,24442,26041,11324,3506,3795,25005,20985,33012,31514,17038,16358
0500000US09001,09001,"Fairfield County, Connecticut",27017,1764,29065,3249,37447,6659,8979,1584,26019,1832,36789,4847,10840,2086
0500000US09003,09003,"Hartford County, Connecticut",26131,1239,26062,2197,34883,3828,10915,1555,26182,1534,35710,3088,11559,3292
0500000US09005,09005,"Litchfield County, Connecticut",34688,72732,77004,44474,70035,87585,-,**,30893,12097,31625,5446,14573,95480
0500000US09007,09007,"Middlesex County, Connecticut",30545,11376,30611,16941,37356,8715,7395,7559,30429,17026,45838,3287,11465,4161
0500000US09009,09009,"New Haven County, Connecticut",26405,1438,28004,2801,36962,4226,8422,1606,24423,3306,35741,1877,12670,3355
0500000US09011,09011,"New London County, Connecticut",23712,4296,23206,4189,40923,29973,10805,6988,25345,7512,45039,15577,12170,3820
0500000US09013,09013,"Tolland County, Connecticut",17303,14862,8818,10294,58417,18797,3381,4260,30617,11687,45091,19456,21029,25714
0500000US09015,09015,"Windham County, Connecticut",25926,5093,25622,13055,25962,6523,16591,24397,28809,17372,40009,35817,28799,9324
0500000US10001,10001,"Kent County, Delaware",18652,1862,25244,7570,29195,7332,6547,2913,14984,4847,28929,5664,6611,3021
0500000US10003,10003,"New Castle County, Delaware",28630,2120,30342,2501,37933,3826,12898,4903,27271,2097,34170,1815,11525,4666
0500000US10005,10005,"Sussex County, Delaware",21998,2712,24180,9541,40917,6891,11561,2787,21186,2910,26553,3024,16218,6532
0500000US11001,11001,"District of Columbia, District of Columbia",28901,1509,28557,2587,36636,1856,9222,2250,29094,1878,40486,1468,10303,1938
0500000US12001,12001,"Alachua County, Florida",21443,1960,21645,4564,31342,2771,11765,2759,21284,2360,25589,1480,13521,3242
0500000US12005,12005,"Bay County, Florida",20114,2370,25169,8421,31816,5957,9440,5272,17594,5723,22438,3913,10240,4991
0500000US12009,12009,"Brevard County, Florida",26029,3918,30694,2664,35810,2143,11622,1329,21368,3269,31468,2098,8172,3979
0500000US12011,12011,"Broward County, Florida",23440,1389,26089,1003,31852,1070,10927,873,21277,729,27412,1853,12200,1128
0500000US12015,12015,"Charlotte County, Florida",21078,4923,30440,11669,36236,4696,13098,10292,20224,3917,21712,13810,8852,3879
0500000US12019,12019,"Clay County, Florida",27390,6047,29001,15812,60624,23608,11734,7047,25687,11406,40095,8380,4209,1762
0500000US12021,12021,"Collier County, Florida",20407,2341,21395,1411,22365,6049,9239,4418,12418,13288,25388,5549,10576,5992
0500000US12023,12023,"Columbia County, Florida",22693,26192,40254,36731,41140,18210,"2,500-",***,12402,21704,37305,9395,9756,7659
0500000US12031,12031,"Duval County, Florida",23333,1445,25721,1514,33707,4234,10522,2804,21523,1089,28165,1413,10349,1190
0500000US12033,12033,"Escambia County, Florida",16821,2186,18504,5113,25597,4279,7448,3008,16361,1555,21356,4778,7127,2291
0500000US12035,12035,"Flagler County, Florida",25756,4094,31011,9084,27107,6280,31176,10849,23728,5701,25142,6948,14590,15593
0500000US12053,12053,"Hernando County, Florida",15477,4610,35735,7901,35845,8281,21927,37740,11261,8576,19702,14693,3041,8643
0500000US12055,12055,"Highlands County, Florida",18350,2123,22525,6984,21612,8752,24122,23075,15092,5370,16697,2593,7252,3633
0500000US12057,12057,"Hillsborough County, Florida",23237,1688,25121,2546,33030,3984,10126,2158,22165,1411,29619,1698,10310,1316
0500000US12061,12061,"Indian River County, Florida",19739,5072,10577,22453,47751,23314,6384,510,20806,4557,21566,5556,17847,11560
0500000US12069,12069,"Lake County, Florida",17886,4870,31216,13741,37048,6879,8764,2802,15196,2425,20754,1635,11278,1801
0500000US12071,12071,"Lee County, Florida",21706,1202,25998,7054,28992,2308,11037,3027,20373,2093,24008,3919,15142,4509
0500000US12073,12073,"Leon County, Florida",18090,1774,17825,3065,26073,5364,6889,1657,18222,1969,30119,3294,9204,2243
0500000US12081,12081,"Manatee County, Florida",19589,2206,21337,4904,23684,3120,10310,6000,18707,3122,20794,1749,6731,5887
0500000US12083,12083,"Marion County, Florida",20522,2560,21159,3918,26436,1727,7197,3638,19802,3825,28467,5467,8466,1440
0500000US12085,12085,"Martin County, Florida",18290,6504,25006,15019,26551,6904,7963,10018,13702,13732,26618,12051,4534,13795
0500000US12086,12086,"Miami-Dade County, Florida",20378,653,21146,1020,27481,2057,8785,1334,19582,1064,26051,1326,9792,824
0500000US12087,12087,"Monroe County, Florida",22133,6343,26970,10540,38238,16912,4206,11073,21031,1001,21330,4715,"2,500-",***
0500000US12089,12089,"Nassau County, Florida",24154,10771,24099,6376,24342,4882,4459,7592,27612,24484,29610,11316,8538,7970
0500000US12091,12091,"Okaloosa County, Florida",25651,3806,26332,9286,32027,14323,15679,10583,25313,5845,34004,9677,10110,4850
0500000US12095,12095,"Orange County, Florida",21590,804,23327,2303,30774,1394,10614,1334,20342,996,24931,1193,9843,1250
0500000US12097,12097,"Osceola County, Florida",19956,3957,22640,4916,30875,5539,10511,4993,17233,7283,26164,5699,9094,3044
0500000US12099,12099,"Palm Beach County, Florida",21623,896,22248,1435,27332,3133,12210,3720,20802,1265,26476,2255,9724,1870
0500000US12101,12101,"Pasco County, Florida",24057,2937,24929,7489,41639,18878,5383,6724,21909,5061,25488,8224,10286,10123
0500000US12103,12103,"Pinellas County, Florida",20611,1591,21468,2115,27803,3611,8848,1448,19360,2974,26090,1196,10345,1659
0500000US12105,12105,"Polk County, Florida",20617,1709,21691,1942,26861,1877,7650,3291,19453,1739,24110,2367,10004,2786
0500000US12107,12107,"Putnam County, Florida",20231,12459,30841,18072,35013,8394,6901,56060,10877,3789,24548,5694,5498,4664
0500000US12109,12109,"St. Johns County, Florida",22063,5387,21638,12733,29415,14963,18259,12660,22642,6675,22373,13413,22748,31461
0500000US12111,12111,"St. Lucie County, Florida",18243,3485,22216,5517,30313,7451,9657,2969,15028,2348,22665,3071,7631,3702
0500000US12113,12113,"Santa Rosa County, Florida",20461,1606,20509,1501,20573,1873,20452,6633,20339,4781,40344,12842,17981,12917
0500000US12115,12115,"Sarasota County, Florida",21407,4006,22693,7627,29208,3622,11639,3724,17455,9022,25538,3652,5738,5028
0500000US12117,12117,"Seminole County, Florida",25295,4590,30323,8835,41850,8213,10384,5830,21983,4106,31101,3679,11073,4265
0500000US12119,12119,"Sumter County, Florida",10741,6518,11112,1141,"2,500-",***,11185,1110,8732,20059,21217,8042,"2,500-",***
0500000US12127,12127,"Volusia County, Florida",18882,1804,20833,2866,27336,5697,4237,2346,16990,1718,21730,1523,9076,3456
0500000US13015,13015,"Bartow County, Georgia",22219,6709,31482,20132,40061,7206,13482,8958,19202,10868,25845,5679,4262,1110
0500000US13021,13021,"Bibb County, Georgia",19090,2073,24083,5755,30341,2553,10047,6376,16666,2318,24506,3104,10640,2866
0500000US13045,13045,"Carroll County, Georgia",20086,4603,27798,10178,33930,6585,9345,8459,15371,9225,24639,5631,7655,3049
0500000US13051,13051,"Chatham County, Georgia",20031,2141,22298,2454,30131,2414,9683,5254,16656,1061,25536,1924,9421,1633
0500000US13057,13057,"Cherokee County, Georgia",23813,10252,30464,13474,31916,5141,"2,500-",***,21092,7669,26944,10357,9196,9752
0500000US13059,13059,"Clarke County, Georgia",17149,1231,18470,2773,35152,9145,11447,2938,16426,1108,21411,2217,10086,3638
0500000US13063,13063,"Clayton County, Georgia",27451,1531,30881,2515,37136,3450,14364,4500,25567,1755,31385,1076,12245,1951
0500000US13067,13067,"Cobb County, Georgia",28408,1979,29391,3317,34668,6288,11987,2308,27857,2211,36368,1924,12739,2957
0500000US13073,13073,"Columbia County, Georgia",25544,6666,41259,10211,46130,4531,4169,7210,16601,6255,26713,14870,7951,4786
0500000US13077,13077,"Coweta County, Georgia",19914,11469,30483,14919,41604,10256,16085,3941,18493,6110,32458,17171,5723,5090
0500000US13089,13089,"DeKalb County, Georgia",26909,1082,27751,2070,35950,1385,11889,1240,26186,1421,35133,2050,11463,1116
0500000US13095,13095,"Dougherty County, Georgia",17552,4256,20538,5214,31553,2815,8368,2747,16606,2049,26029,1699,9200,4063
0500000US13097,13097,"Douglas County, Georgia",27366,2902,30521,4505,36805,6012,11157,5082,25536,3778,29749,2555,16501,7930
0500000US13113,13113,"Fayette County, Georgia",32282,4444,35637,9397,44923,13305,28223,16507,26930,7720,47279,10462,12975,9094
0500000US13115,13115,"Floyd County, Georgia",20661,4725,20890,12463,27123,10160,13697,4604,20604,4277,22158,7508,12901,7663
0500000US13117,13117,"Forsyth County, Georgia",42400,31106,55895,20518,62410,53554,40237,32508,18753,7359,-,**,18350,11438
0500000US13121,13121,"Fulton County, Georgia",24531,1290,26425,1397,33868,2652,10064,2250,22705,1495,30640,1178,10137,978
0500000US13127,13127,"Glynn County, Georgia",15107,3738,18233,5355,31218,5134,5628,1365,13445,2176,27182,2538,9883,1772
0500000US13135,13135,"Gwinnett County, Georgia",30178,2428,33246,3353,39083,3085,11816,2279,27116,1868,33574,2140,15979,2900
0500000US13139,13139,"Hall County, Georgia",20408,4811,36442,6099,36210,12528,36751,12572,12330,2383,25386,8201,10130,9389
0500000US13151,13151,"Henry County, Georgia",24802,2160,26337,4293,40722,5081,10980,3456,22867,3601,36194,7447,10447,2418
0500000US13153,13153,"Houston County, Georgia",21430,1900,23631,4942,40200,10063,8821,10044,18113,3056,25614,3458,9374,2200
0500000US13185,13185,"Lowndes County, Georgia",16057,1459,21177,3209,27201,8614,11307,3309,14184,2808,18706,2709,6557,3088
0500000US13215,13215,"Muscogee County, Georgia",23390,2093,25631,2130,32265,4169,8841,2353,20650,2970,29353,6386,7481,1500
0500000US13217,13217,"Newton County, Georgia",25512,3059,28238,4672,36386,6148,9292,9778,21891,4948,32371,7014,11978,4634
0500000US13223,13223,"Paulding County, Georgia",34703,11677,42278,11213,46908,13812,33344,14960,30433,5820,31011,5271,15454,21501
0500000US13245,13245,"Richmond County, Georgia",21373,1590,25457,2087,30770,2277,10836,2472,18818,1433,25722,1844,9381,2040
0500000US13247,13247,"Rockdale County, Georgia",27039,3411,25451,4576,39124,5434,9219,3025,29571,3805,35144,6247,12788,5236
0500000US13297,13297,"Walton County, Georgia",31524,7500,33062,14586,35844,22793,11867,44300,31089,6815,31755,13264,30480,34150
0500000US13313,13313,"Whitfield County, Georgia",28045,3319,35126,14068,35734,7600,11923,14159,20852,14068,28367,5660,13628,4581
0500000US15001,15001,"Hawaii County, Hawaii",28908,18121,28153,16576,28153,16576,-,**,35527,47009,-,**,35527,47009
0500000US15003,15003,"Honolulu County, Hawaii",40173,6874,40815,5983,42169,2304,14387,4027,36325,7757,41722,10817,11522,16537
0500000US15009,15009,"Maui County, Hawaii",35801,10835,40582,5921,40582,5921,-,**,-,**,-,**,-,**
0500000US16005,16005,"Bannock County, Idaho",50660,59684,-,**,-,**,-,**,"2,500-",***,-,**,"2,500-",***
0500000US16019,16019,"Bonneville County, Idaho",-,**,-,**,-,**,-,**,-,**,-,**,-,**
0500000US16055,16055,"Kootenai County, Idaho",21806,20157,-,**,-,**,-,**,-,**,-,**,-,**
0500000US16083,16083,"Twin Falls County, Idaho",-,**,-,**,-,**,-,**,-,**,-,**,-,**
0500000US17019,17019,"Champaign County, Illinois",17006,6555,21550,13366,36137,6113,7197,6937,15561,4054,21901,5591,7115,1867
0500000US17031,17031,"Cook County, Illinois",25965,699,27465,1504,37013,926,10188,1028,24985,918,34536,1058,10398,722
0500000US17037,17037,"DeKalb County, Illinois",6306,2156,5834,15697,48381,1090,5052,997,7183,8177,27740,2152,3290,2655
0500000US17043,17043,"DuPage County, Illinois",33797,3731,38711,4314,44774,9354,9282,8957,27274,8188,39490,7359,11682,2472
0500000US17089,17089,"Kane County, Illinois",18349,4126,17261,7127,40207,7682,11288,3279,19162,4477,30804,3353,6542,3197
0500000US17091,17091,"Kankakee County, Illinois",14252,4451,15858,7793,45058,23056,10382,2206,14014,4479,25907,2142,10236,2941
0500000US17093,17093,"Kendall County, Illinois",46424,24722,51459,49899,90093,80845,30616,42862,34876,32948,47110,31446,9063,3388
0500000US17097,17097,"Lake County, Illinois",24388,2754,25829,2045,33697,4052,11566,2503,22071,3318,30951,3362,12688,6369
0500000US17099,17099,"LaSalle County, Illinois",10219,2716,12189,6455,23820,21957,-,**,8589,3552,55740,42206,8327,8754
0500000US17113,17113,"McLean County, Illinois",16337,4569,22031,16592,36968,12790,3864,3741,15937,3800,37500,34043,4573,3028
0500000US17115,17115,"Macon County, Illinois",15207,3547,17948,10296,26399,10653,4240,1228,14126,3072,20609,8158,8369,1494
0500000US17119,17119,"Madison County, Illinois",15483,3690,17722,4206,32493,5743,10342,5660,12426,6723,28476,4426,5685,2145
0500000US17143,17143,"Peoria County, Illinois",20385,2808,26877,8067,38913,4575,7428,6252,18201,4370,26715,5616,6500,4484
0500000US17161,17161,"Rock Island County, Illinois",11821,2367,13189,2168,20845,12252,6510,5267,8146,5756,24084,3897,3739,1014
0500000US17163,17163,"St. Clair County, Illinois",22151,1963,26847,9502,38189,7237,9871,3152,21330,1369,32703,6361,11821,4473
0500000US17167,17167,"Sangamon County, Illinois",20172,4413,21119,9085,40570,18180,8155,2875,18723,6192,28384,3855,7309,2532
0500000US17179,17179,"Tazewell County, Illinois","2,500-",***,"2,500-",***,-,**,"2,500-",***,26890,24923,36307,24763,"2,500-",***
0500000US17183,17183,"Vermilion County, Illinois",12473,4729,12815,5343,30328,23445,10861,6807,12206,6712,20407,9930,4958,3795
0500000US17197,17197,"Will County, Illinois",30018,4381,27454,6181,43202,5433,5903,1763,30475,2946,33729,2795,13352,4739
0500000US17201,17201,"Winnebago County, Illinois",21853,2064,27721,5046,35364,7250,12031,8293,16224,4283,25314,2098,7371,4977
0500000US18003,18003,"Allen County, Indiana",19758,2271,22349,3111,26998,3488,8461,3632,18717,1879,25586,2192,7929,2436
0500000US18005,18005,"Bartholomew County, Indiana",33903,19135,45330,24178,45330,24178,-,**,32806,44757,40540,26222,-,**
0500000US18019,18019,"Clark County, Indiana",33357,16682,46427,12988,52925,10298,16434,22244,16091,14121,32773,19484,6200,8597
0500000US18035,18035,"Delaware County, Indiana",12777,4280,18520,11201,45080,46670,6984,9948,10448,4862,21534,11117,4527,2092
0500000US18039,18039,"Elkhart County, Indiana",20881,3599,20307,4388,26066,10062,5871,1850,21409,7847,27219,6034,9451,3766
0500000US18043,18043,"Floyd County, Indiana",10911,6767,9337,5400,23945,13383,5929,5950,20044,21142,22304,10505,"2,500-",***
0500000US18057,18057,"Hamilton County, Indiana",36402,31188,52829,47455,66624,43804,21468,10534,35422,25608,58297,32000,12642,3410
0500000US18059,18059,"Hancock County, Indiana",40988,15513,41714,18685,50166,18514,"2,500-",***,35944,35732,36556,45458,"2,500-",***
0500000US18063,18063,"Hendricks County, Indiana",32028,3878,31144,1135,32352,21834,6522,17197,47871,20977,55329,17666,37538,49722
0500000US18067,18067,"Howard County, Indiana",20213,9992,22063,14348,26982,23148,11967,19384,17949,13154,27693,11342,4442,2205
0500000US18081,18081,"Johnson County, Indiana",6064,6079,"2,500-",***,"100,000+",***,"2,500-",***,60078,51263,60563,37086,-,**
0500000US18085,18085,"Kosciusko County, Indiana",17474,21892,-,**,-,**,-,**,-,**,-,**,-,**
0500000US18089,18089,"Lake County, Indiana",22427,1765,26861,3487,40395,5450,6949,1654,20884,1431,29813,1812,9379,2134
0500000US18091,18091,"LaPorte County, Indiana",13222,6653,9691,4077,31596,15797,8434,4274,17269,5922,22417,13180,12536,16338
0500000US18095,18095,"Madison County, Indiana",25093,11560,25257,23886,30345,9641,5468,4043,24208,13374,28997,11424,6919,20094
0500000US18097,18097,"Marion County, Indiana",22888,1195,25601,1577,31979,980,10926,1786,21546,1031,28168,1876,9325,2377
0500000US18105,18105,"Monroe County, Indiana",7802,8312,66875,58798,86016,30550,"2,500-",***,4500,763,"100,000+",***,4354,799
0500000US18109,18109,"Morgan County, Indiana",-,**,-,**,-,**,-,**,-,**,-,**,-,**
0500000US18141,18141,"St. Joseph County, Indiana",21361,3138,23598,2471,37646,12383,10561,5381,18533,3980,25844,2497,10150,3522
0500000US18157,18157,"Tippecanoe County, Indiana",13888,3550,18344,4535,21734,5947,7446,10849,11602,3386,14024,13667,10878,4200
0500000US18163,18163,"Vanderburgh County, Indiana",15071,6792,14432,8031,32226,19784,8064,5931,15751,11043,22418,4061,5314,2036
0500000US18167,18167,"Vigo County, Indiana",10770,4845,10770,9130,22679,17517,6024,9517,10770,6631,12569,5437,4819,9391
0500000US18177,18177,"Wayne County, Indiana",16238,3174,15867,1659,40307,15318,13750,9330,17377,10279,30240,7983,3322,7581
0500000US19013,19013,"Black Hawk County, Iowa",18197,6675,18858,5933,29397,23456,12361,10872,15497,9719,24187,4260,4313,6563
0500000US19061,19061,"Dubuque County, Iowa",30396,30344,30987,23620,-,**,30987,23620,30177,37688,30787,30553,10142,18877
0500000US19103,19103,"Johnson County, Iowa",7387,4668,4974,6440,28774,7168,"2,500-",***,8277,5769,25120,22403,3324,3988
0500000US19113,19113,"Linn County, Iowa",17127,14224,20699,7489,31875,31910,"2,500-",***,10702,16165,25063,8017,2623,2163
0500000US19153,19153,"Polk County, Iowa",22603,5855,24971,8972,31714,3733,10972,5599,19243,10131,31770,11578,7751,7211
0500000US19155,19155,"Pottawattamie County, Iowa",22670,25632,"2,500-",***,-,**,"2,500-",***,23053,14753,-,**,23461,24210
0500000US19163,19163,"Scott County, Iowa",14508,6895,9993,10399,34265,11369,7859,3430,16412,3072,18050,1936,5189,11122
0500000US20045,20045,"Douglas County, Kansas",19572,11384,10531,25726,70385,39530,"2,500-",***,26040,14058,39016,25351,16891,9330
0500000US20091,20091,"Johnson County, Kansas",27888,4151,32094,4597,40114,12269,15806,15345,22736,3822,28438,3399,10888,3288
0500000US20103,20103,"Leavenworth County, Kansas",31235,3823,41040,21150,52077,60043,12195,29486,30557,10948,32755,2068,2778,15495
0500000US20173,20173,"Sedgwick County, Kansas",16164,2786,16237,4701,33094,5996,7707,2696,16098,3675,26636,2154,7198,1878
0500000US20177,20177,"Shawnee County, Kansas",20514,4884,19952,8182,26838,8498,8640,3630,20775,6289,27063,4813,8166,3950
0500000US20209,20209,"Wyandotte County, Kansas",24357,3182,28117,4451,36839,6453,7898,3403,20940,2435,29719,2047,8867,4166
0500000US21029,21029,"Bullitt County, Kentucky",-,**,-,**,-,**,-,**,-,**,-,**,-,**
0500000US21037,21037,"Campbell County, Kentucky",22784,30927,25999,2447,26636,17420,3813,22942,"2,500-",***,-,**,"2,500-",***
0500000US21047,21047,"Christian County, Kentucky",22998,4903,32105,10103,35619,3119,20339,12237,20414,8084,24992,3752,5455,6462
0500000US21059,21059,"Daviess County, Kentucky",18773,11369,17300,32312,35515,42531,8964,39414,19182,14263,27080,4726,5417,1730
0500000US21067,21067,"Fayette County, Kentucky",19458,3100,20777,3106,31794,4035,10225,5218,17947,4265,26741,3493,10476,1419
0500000US21093,21093,"Hardin County, Kentucky",26990,4654,33486,6995,35511,2136,19198,8165,25211,8155,26961,5686,13508,4999
0500000US21111,21111,"Jefferson County, Kentucky",22334,1167,25399,3048,32472,4828,7754,3393,21565,1115,25907,1701,8403,2374
0500000US21117,21117,"Kenton County, Kentucky",21582,8553,16965,18082,31781,17058,5090,8756,23350,9020,31533,23922,15811,7645
0500000US21151,21151,"Madison County, Kentucky",9846,12678,24111,21960,32828,10947,6176,28475,8933,4422,70752,34842,7522,7578
0500000US21195,21195,"Pike County, Kentucky",-,**,-,**,-,**,-,**,-,**,-,**,-,**
0500000US21227,21227,"Warren County, Kentucky",11645,3229,9593,9249,33298,4676,4269,2423,11826,2535,26290,8848,4233,4936
0500000US22005,22005,"Ascension Parish, Louisiana",17932,2800,19355,5382,28730,10643,4728,12509,15777,4501,25537,9391,7795,4524
0500000US22015,22015,"Bossier Parish, Louisiana",17533,3480,20780,2338,25313,7077,5397,4707,15968,2451,20540,2292,9421,2224
0500000US22017,22017,"Caddo Parish, Louisiana",15725,1072,16330,1886,23672,4212,8074,1755,15310,1608,22990,2932,8610,1803
0500000US22019,22019,"Calcasieu Parish, Louisiana",11946,1641,11357,2840,39944,20521,6211,1231,12360,2663,20984,4004,9027,1823
0500000US22033,22033,"East Baton Rouge Parish, Louisiana",17395,1265,19933,1696,29777,5392,6632,917,15175,1296,24220,2838,7369,1108
0500000US22045,22045,"Iberia Parish, Louisiana",16265,2896,20808,4973,25180,17646,7493,10315,15247,2585,17301,4825,7845,11197
0500000US22051,22051,"Jefferson Parish, Louisiana",20953,1714,26170,3222,32773,3214,11962,4458,16037,1930,26498,2688,8549,2104
0500000US22055,22055,"Lafayette Parish, Louisiana",16914,1550,20653,1834,25298,6139,10340,6535,12071,2283,21011,2911,6930,1227
0500000US22057,22057,"Lafourche Parish, Louisiana",12127,2311,10647,9952,50120,45969,4352,1635,12577,3170,15345,3827,10720,5739
0500000US22071,22071,"Orleans Parish, Louisiana",17791,1888,21934,3583,33516,2008,12269,6105,16372,1115,20572,3847,11699,1290
0500000US22073,22073,"Ouachita Parish, Louisiana",15771,2332,20042,5038,26471,6543,8964,2118,14335,1731,18551,3364,6302,1830
0500000US22079,22079,"Rapides Parish, Louisiana",16001,1250,19310,3798,21584,2592,10458,5083,14452,1988,20037,3154,7166,2738
0500000US22097,22097,"St. Landry Parish, Louisiana",13525,2435,15991,8083,23399,4038,5968,3361,12647,1708,15428,4727,8682,3140
0500000US22103,22103,"St. Tammany Parish, Louisiana",22215,5734,22961,6509,33644,9123,18189,11234,21795,6701,33594,6020,13765,5841
0500000US22105,22105,"Tangipahoa Parish, Louisiana",12103,3432,15674,8380,31509,13475,7430,3594,11463,2331,16503,14008,5023,5590
0500000US22109,22109,"Terrebonne Parish, Louisiana",17074,3650,22738,12205,22053,13435,30045,31774,11573,2135,19259,9056,4438,2763
0500000US23005,23005,"Cumberland County, Maine",19931,7657,20997,8324,26759,15331,10169,8435,16197,14084,65339,81217,13189,8170
0500000US23011,23011,"Kennebec County, Maine",40069,25051,40893,37731,-,**,"2,500-",***,26701,19374,26701,19374,-,**
0500000US23019,23019,"Penobscot County, Maine",4959,23474,-,**,-,**,-,**,16294,2727,-,**,20146,35303
0500000US23031,23031,"York County, Maine",20806,2362,20983,3885,21278,3805,"2,500-",***,8182,68669,48346,47713,5625,6082
0500000US24003,24003,"Anne Arundel County, Maryland",36564,4246,37194,6442,50306,5552,14383,6137,35634,6059,42415,4089,18152,6314
0500000US24005,24005,"Baltimore County, Maryland",32368,1548,32874,2965,41013,1479,15032,3558,32121,1634,38566,2555,13211,2912
0500000US24009,24009,"Calvert County, Maryland",31710,4624,23074,19291,34315,69990,4202,7256,32411,4911,36447,15437,4752,3201
0500000US24013,24013,"Carroll County, Maryland",35875,17014,36438,25922,55360,23564,13868,16295,32209,26765,42089,29594,6603,1530
0500000US24015,24015,"Cecil County, Maryland",29804,7519,55071,47728,56184,66372,50595,50182,28840,6192,28469,9109,37313,22669
0500000US24017,24017,"Charles County, Maryland",37015,4956,44631,4349,47175,3758,23627,14632,31103,2418,45080,7524,10883,4594
0500000US24021,24021,"Frederick County, Maryland",32478,3866,32225,4781,39950,10181,15295,9523,33121,8402,37058,5483,16570,9507
0500000US24025,24025,"Harford County, Maryland",31126,5997,32439,10952,40190,9805,9279,11513,29089,4587,40223,6660,11991,3821
0500000US24027,24027,"Howard County, Maryland",40126,4912,46562,5634,52122,10770,13394,4338,35953,2985,50147,2982,13283,3691
0500000US24031,24031,"Montgomery County, Maryland",32424,2604,32485,4281,39897,2626,11821,2855,32346,3682,41587,3779,17984,4308
0500000US24033,24033,"Prince George's County, Maryland",38260,1412,38204,2203,46891,1228,16756,3306,38299,1687,47407,1529,14348,2122
0500000US24037,24037,"St. Mary's County, Maryland",29995,11595,40394,8230,42130,7012,7461,7466,22127,16651,32190,10586,10888,1277
0500000US24043,24043,"Washington County, Maryland",24672,4304,26814,8452,28936,14461,7992,3764,17122,8459,39594,1533,9776,5921
0500000US24045,24045,"Wicomico County, Maryland",21378,4464,26066,6211,33232,3185,7211,7618,19273,2503,31305,8669,6897,3359
0500000US24510,24510,"Baltimore city, Maryland",24550,944,25270,1476,32122,1123,10238,2012,24079,1142,29870,1108,10679,1240
0500000US25001,25001,"Barnstable County, Massachusetts",21982,10747,21004,8501,36571,19529,10613,6727,28375,19104,32890,22866,21437,11241
0500000US25005,25005,"Bristol County, Massachusetts",32704,4737,36014,7458,49135,15143,3267,2608,24447,10385,40278,8992,9404,3556
0500000US25009,25009,"Essex County, Massachusetts",22328,5699,26216,5854,33199,2906,11869,2341,19595,6219,26659,9125,12545,9755
0500000US25011,25011,"Franklin County, Massachusetts",42851,5539,43870,12717,44375,17537,"2,500-",***,36495,8218,36495,8218,-,**
0500000US25013,25013,"Hampden County, Massachusetts",20054,1977,20600,3949,36162,8748,7360,2375,19684,2185,28558,3279,8779,6532
0500000US25015,25015,"Hampshire County, Massachusetts",10312,8332,11623,16852,61502,50145,10550,12181,5308,5418,38279,20532,3733,1196
0500000US25017,25017,"Middlesex County, Massachusetts",26648,1738,30054,3244,41008,3767,11188,2126,22407,4609,31432,2034,8694,3021
0500000US25021,25021,"Norfolk County, Massachusetts",35966,5141,40221,8050,50485,8036,16807,8574,33912,5515,50891,23847,9565,8854
0500000US25023,25023,"Plymouth County, Massachusetts",26154,1785,26664,2756,32128,6396,"2,500-",***,25643,3932,31433,4204,10099,3291
0500000US25025,25025,"Suffolk County, Massachusetts",22955,1254,26814,4198,36902,2784,11138,1449,20674,1933,30460,1839,8545,2078
0500000US25027,25027,"Worcester County, Massachusetts",30208,7079,36486,8611,42023,8285,15059,6430,26220,6949,34372,4596,11458,4716
0500000US26005,26005,"Allegan County, Michigan",17358,12172,17375,24703,37660,22338,16370,653,14940,14156,33188,20008,11250,10930
0500000US26017,26017,"Bay County, Michigan",11176,4557,5650,7789,40288,58157,"2,500-",***,13294,6448,24543,11651,10441,9287
0500000US26021,26021,"Berrien County, Michigan",13939,2837,11335,3264,30360,6915,5862,2102,15124,2521,20045,6185,9516,4676
0500000US26025,26025,"Calhoun County, Michigan",17340,8016,18782,10293,40787,8068,6172,5257,16585,10900,42725,10127,12096,8578
0500000US26037,26037,"Clinton County, Michigan",-,**,-,**,-,**,-,**,-,**,-,**,-,**
0500000US26045,26045,"Eaton County, Michigan",30114,9505,31386,4069,41578,20779,21631,8005,17414,24941,31713,15572,6870,8888
0500000US26049,26049,"Genesee County, Michigan",19997,3309,22408,6804,43025,4000,6493,1178,17343,3593,30890,1452,9328,1947
0500000US26055,26055,"Grand Traverse County, Michigan","2,500-",***,"2,500-",***,"2,500-",***,"2,500-",***,-,**,-,**,-,**
0500000US26065,26065,"Ingham County, Michigan",18319,2887,18655,3289,31394,4970,6398,2704,17674,6384,38086,8251,9555,5669
0500000US26075,26075,"Jackson County, Michigan",13830,4261,13076,9874,35136,18672,"2,500-",***,14224,3633,29077,12189,4054,5344
0500000US26077,26077,"Kalamazoo County, Michigan",16709,7604,18968,7054,31071,7216,8208,2369,13347,4990,26260,3031,6268,2683
0500000US26081,26081,"Kent County, Michigan",19748,2481,21463,1976,29205,5477,8397,5285,15909,3479,27004,2484,6784,1681
0500000US26091,26091,"Lenawee County, Michigan",7805,19214,"2,500-",***,-,**,"2,500-",***,12048,17220,-,**,9436,4470
0500000US26099,26099,"Macomb County, Michigan",28410,3757,33937,2753,41729,7574,18514,7621,22889,4255,36190,6379,8979,2531
0500000US26121,26121,"Muskegon County, Michigan",14934,11967,9276,11331,42923,20973,6273,6311,21111,10273,29333,11995,6942,1633
0500000US26125,26125,"Oakland County, Michigan",31408,1693,31856,3798,47824,6672,8565,3417,31218,1775,41135,5656,12487,3846
0500000US26139,26139,"Ottawa County, Michigan",31272,20681,35677,10542,36041,6065,19868,39780,9809,15666,32733,25863,"2,500-",***
0500000US26145,26145,"Saginaw County, Michigan",16821,3229,17195,11199,39415,16386,4320,3289,16490,3617,28583,8705,6768,2694
0500000US26147,26147,"St. Clair County, Michigan",25778,14806,25531,14419,30565,6956,3571,3123,27961,44636,48682,39360,7981,13043
0500000US26161,26161,"Washtenaw County, Michigan",21174,2698,22148,3661,43662,8632,8436,2283,19852,4900,38916,6229,9331,2337
0500000US26163,26163,"Wayne County, Michigan",22208,694,23140,1871,35225,1975,8037,977,21737,944,31717,1030,9675,747
0500000US27003,27003,"Anoka County, Minnesota",15203,6819,21068,5724,34055,23159,6489,4247,10797,5715,38087,2233,4614,7719
0500000US27019,27019,"Carver County, Minnesota",8959,11013,-,**,-,**,-,**,-,**,-,**,-,**
0500000US27037,27037,"Dakota County, Minnesota",23843,3216,23640,4285,38750,12810,8216,6692,24342,7152,40022,11453,9836,8270
0500000US27053,27053,"Hennepin County, Minnesota",21757,1766,26078,1432,32994,3367,11157,2765,17027,2139,30402,2259,7779,1698
0500000US27109,27109,"Olmsted County, Minnesota",18905,2414,19633,6976,47844,26924,17946,2907,14497,6389,20607,9401,13225,4439
0500000US27123,27123,"Ramsey County, Minnesota",16926,1693,16970,3786,25532,3808,9167,3488,16906,1715,27706,3437,10811,2833
0500000US27139,27139,"Scott County, Minnesota",30241,13617,33425,9365,34193,10305,18664,30465,23688,12580,29832,11668,19561,241
0500000US27141,27141,"Sherburne County, Minnesota",3476,2339,3191,2105,-,**,2939,2126,-,**,-,**,-,**
0500000US27145,27145,"Stearns County, Minnesota",17920,4169,25176,23647,26338,9362,"2,500-",***,17783,2859,-,**,14666,3980
0500000US27171,27171,"Wright County, Minnesota",36955,9558,36550,13070,37300,23095,-,**,37415,17239,43026,9767,13491,112365
0500000US28033,28033,"DeSoto County, Mississippi",19990,6764,26639,9839,31948,3077,7526,3407,16905,4319,25098,5748,5906,1421
0500000US28035,28035,"Forrest County, Mississippi",14382,2738,21560,8254,28803,7959,10806,4851,12181,1397,20786,1473,6863,1699
0500000US28047,28047,"Harrison County, Mississippi",17641,2924,27906,4734,38911,5039,7919,1901,13968,2552,21838,4324,9764,5588
0500000US28049,28049,"Hinds County, Mississippi",18920,2016,21939,2301,27962,2216,6818,2100,17146,1161,22642,1754,9606,1450
0500000US28059,28059,"Jackson County, Mississippi",14805,4344,21751,9336,31577,2382,7767,4780,10938,3645,22813,2070,6860,2124
0500000US28067,28067,"Jones County, Mississippi",14351,2449,20604,6838,25519,5378,7375,4338,12443,1625,15918,5224,6687,1323
0500000US28075,28075,"Lauderdale County, Mississippi",14064,2990,16108,4643,26381,4868,6175,2897,12957,1874,20830,5158,8436,3926
0500000US28081,28081,"Lee County, Mississippi",12393,4065,15200,5998,21624,2738,7594,3366,11980,2882,25198,3007,4619,5110
0500000US28089,28089,"Madison County, Mississippi",21264,1110,25986,9083,40807,13084,12797,6590,20221,3301,24290,2639,11016,2289
0500000US28121,28121,"Rankin County, Mississippi",17745,2106,18966,10632,30931,4523,10916,8114,16816,2622,22689,6795,6082,4043
0500000US29019,29019,"Boone County, Missouri",16626,9317,10852,12106,23641,4753,2615,1650,20204,8205,30514,2696,6631,2685
0500000US29021,29021,"Buchanan County, Missouri",15688,6181,13178,4569,21926,9262,6309,2694,32586,27371,34383,16320,4743,2259
0500000US29031,29031,"Cape Girardeau County, Missouri",14039,12282,23656,25063,14602,23343,31008,44010,11856,10627,24206,2217,10135,3144
0500000US29037,29037,"Cass County, Missouri",35102,23345,22270,34161,41824,41245,2995,1729,36339,28646,50616,21533,11520,3597
0500000US29047,29047,"Clay County, Missouri",18403,7585,19402,18721,41619,31118,10628,5915,16540,11854,30280,16882,7826,2572
0500000US29051,29051,"Cole County, Missouri",21121,16191,21920,21628,36165,23571,10284,13309,20819,14849,29014,26613,4951,3693
0500000US29071,29071,"Franklin County, Missouri","2,500-",***,"2,500-",***,-,**,"2,500-",***,"2,500-",***,-,**,"2,500-",***
0500000US29077,29077,"Greene County, Missouri",20372,12754,27260,7411,30824,3657,9621,3886,14225,6308,27694,25911,11057,850
0500000US29095,29095,"Jackson County, Missouri",21866,877,21521,1348,30801,1011,5838,2237,22151,1065,30889,1343,8254,1772
0500000US29097,29097,"Jasper County, Missouri",9928,7141,9600,5425,30289,21785,7733,7506,-,**,-,**,-,**
0500000US29099,29099,"Jefferson County, Missouri",50808,18019,50140,35744,50140,35744,-,**,-,**,-,**,-,**
0500000US29165,29165,"Platte County, Missouri",22828,5597,24682,17942,24163,23308,31801,61302,10122,2599,31836,11785,8932,5660
0500000US29183,29183,"St. Charles County, Missouri",25390,9838,22038,4848,26082,11437,16881,15633,31534,16018,39233,9463,16120,12427
0500000US29189,29189,"St. Louis County, Missouri",23932,1529,25821,1665,35801,3225,10376,1595,22385,1530,31511,875,8740,1239
0500000US29510,29510,"St. Louis city, Missouri",18105,1735,16508,2579,30987,2066,6594,1999,18938,1557,25462,1623,7353,1543
0500000US30013,30013,"Cascade County, Montana",26731,15536,25737,17681,27795,8191,16659,13520,-,**,-,**,-,**
0500000US30029,30029,"Flathead County, Montana",-,**,-,**,-,**,-,**,-,**,-,**,-,**
0500000US30031,30031,"Gallatin County, Montana",-,**,-,**,-,**,-,**,-,**,-,**,-,**
0500000US30111,30111,"Yellowstone County, Montana",25110,16530,25422,14909,"100,000+",***,25388,14986,"2,500-",***,-,**,"2,500-",***
0500000US31055,31055,"Douglas County, Nebraska",18911,1632,21437,3437,29640,2428,7375,2005,16315,1981,28400,2475,9885,2137
0500000US31109,31109,"Lancaster County, Nebraska",25683,12260,25890,14790,33882,10117,11963,5338,25052,12628,32309,7831,4866,22621
0500000US31153,31153,"Sarpy County, Nebraska",28893,6454,29130,15974,38283,9914,8602,14282,28678,6081,37579,12994,10199,9414
0500000US32003,32003,"Clark County, Nevada",28247,1508,30496,1296,35570,2743,16080,3599,26070,1475,31531,1287,13991,3131
0500000US32031,32031,"Washoe County, Nevada",28969,13876,30553,4714,31847,5890,16064,9820,21503,15205,30368,18221,9393,6656
0500000US33011,33011,"Hillsborough County, New Hampshire",26244,7246,31797,7771,35892,21729,4471,10458,22426,2609,24345,9322,11178,15921
0500000US33013,33013,"Merrimack County, New Hampshire",7191,11192,6540,3349,-,**,6540,3349,22325,21374,22325,21374,-,**
0500000US33015,33015,"Rockingham County, New Hampshire",8859,642,"100,000+",***,-,**,"100,000+",***,8627,494,-,**,4727,204
0500000US33017,33017,"Strafford County, New Hampshire",49040,23674,"100,000+",***,"100,000+",***,-,**,48722,18538,49044,23477,"2,500-",***
0500000US34001,34001,"Atlantic County, New Jersey",27423,2727,30564,2810,36380,1690,12659,6759,25903,3324,30133,3336,11801,5365
0500000US34003,34003,"Bergen County, New Jersey",36445,2741,36202,3236,44548,14852,16325,3718,36871,6679,47965,3727,12363,6841
0500000US34005,34005,"Burlington County, New Jersey",32001,3071,36601,4852,47896,2030,10073,4636,29587,3950,38883,2428,10933,3162
0500000US34007,34007,"Camden County, New Jersey",26595,1468,31714,2565,37042,2067,12372,4743,22478,2836,33947,4069,7912,3106
0500000US34009,34009,"Cape May County, New Jersey",25875,4369,26011,9178,26653,8663,4466,15431,25530,10888,38353,4276,13175,16854
0500000US34011,34011,"Cumberland County, New Jersey",17353,5026,14256,3724,35556,13680,4640,2508,18830,3785,26578,1597,7517,6564
0500000US34013,34013,"Essex County, New Jersey",27896,1313,27873,1479,36858,2674,11123,1104,27925,2106,37500,2863,12177,1377
0500000US34015,34015,"Gloucester County, New Jersey",34412,9186,41298,10081,51818,25617,12449,12962,29939,9967,47500,12848,10192,7442
0500000US34017,34017,"Hudson County, New Jersey",22619,3802,22279,3237,34556,8404,11184,1965,23884,4916,33298,4527,10018,3045
0500000US34021,34021,"Mercer County, New Jersey",30530,4734,36297,4689,40296,6071,25350,14197,25328,4444,35942,5488,7424,3285
0500000US34023,34023,"Middlesex County, New Jersey",40466,4060,38715,4379,43028,5217,22450,16819,41838,4338,49579,5873,11138,3805
0500000US34025,34025,"Monmouth County, New Jersey",22884,2414,26883,4224,45635,14418,9316,6028,20949,2410,32360,4571,9760,2920
0500000US34027,34027,"Morris County, New Jersey",29684,13628,33873,22869,55198,6719,9768,7189,27037,14493,41683,25789,"2,500-",***
0500000US34029,34029,"Ocean County, New Jersey",30808,6274,29804,15194,45750,5333,5792,12367,30877,13509,36559,3830,6715,2380
0500000US34031,34031,"Passaic County, New Jersey",29849,3382,28254,4475,39331,4337,10892,2459,30156,3158,34304,4854,12987,10812
0500000US34033,34033,"Salem County, New Jersey",14643,8652,20419,27899,33750,11810,"2,500-",***,14116,4471,27995,25225,8297,3310
0500000US34035,34035,"Somerset County, New Jersey",45486,8487,50612,6878,56884,7612,10273,18082,40494,8894,50200,10035,12450,16818
0500000US34039,34039,"Union County, New Jersey",34186,2478,35851,3435,41470,2232,11905,2571,33176,2205,40614,1982,12047,4244
0500000US34041,34041,"Warren County, New Jersey",35393,17609,46715,14707,46607,14806,-,**,14219,15499,40387,8167,5421,6554
0500000US35001,35001,"Bernalillo County, New Mexico",27211,2736,40022,8998,45238,8073,10841,8317,22811,7737,28226,1828,11525,9854
0500000US35013,35013,"Dona Ana County, New Mexico",14956,10089,25494,27194,26865,30549,8496,32004,12616,5812,22711,18232,8852,3029
0500000US35031,35031,"McKinley County, New Mexico",31399,15288,-,**,-,**,-,**,31770,16997,-,**,30668,12355
0500000US35043,35043,"Sandoval County, New Mexico",18137,11913,26610,20574,29019,35759,9061,1951,16371,11980,25958,11883,5643,7162
0500000US35049,35049,"Santa Fe County, New Mexico",27622,11849,28399,25849,-,**,"2,500-",***,-,**,-,**,-,**
0500000US36001,36001,"Albany County, New York",25879,3613,25867,2992,32453,7423,10928,3974,25933,7213,34489,5357,7394,6289
0500000US36005,36005,"Bronx County, New York",26202,783,26200,1393,36533,1443,9269,1529,26203,1225,32866,1727,9882,978
0500000US36007,36007,"Broome County, New York",12559,4081,17473,10723,27144,30908,3276,8890,11106,3444,31987,26231,6310,6894
0500000US36009,36009,"Cattaraugus County, New York",13813,857,25259,48465,-,**,"2,500-",***,13786,666,13912,805,-,**
0500000US36011,36011,"Cayuga County, New York",18705,1084,22582,28452,65162,36833,7300,19011,18675,639,19150,4109,17986,23291
0500000US36013,36013,"Chautauqua County, New York",11001,3777,17383,20248,47917,24708,9799,8600,7163,9276,13347,7057,"2,500-",***
0500000US36015,36015,"Chemung County, New York",20751,9757,21782,15603,39457,19506,3971,8059,16242,11515,24688,24619,6796,3287
0500000US36019,36019,"Clinton County, New York","100,000+",***,"100,000+",***,"100,000+",***,-,**,-,**,-,**,-,**
0500000US36027,36027,"Dutchess County, New York",25369,1872,25538,3867,41644,18089,7302,3714,25262,2291,30754,4337,"2,500-",***
0500000US36029,36029,"Erie County, New York",19700,1914,20581,4105,30177,1913,7473,1794,19094,2505,28005,2142,8812,1624
0500000US36047,36047,"Kings County, New York",29708,925,30772,688,35827,934,12471,1260,28687,858,34016,1211,11507,740
0500000US36055,36055,"Monroe County, New York",22150,1643,22963,5055,35853,2406,8797,2838,21868,1781,29138,3820,11222,1342
0500000US36059,36059,"Nassau County, New York",35012,2707,35198,5348,42210,5747,9612,3207,34768,2547,42032,1858,13132,3316
0500000US36061,36061,"New York County, New York",25838,1411,26606,1885,34105,2566,10275,1526,25033,2554,35869,3172,10970,1415
0500000US36063,36063,"Niagara County, New York",15742,3055,25983,9635,31585,4293,3219,1826,12249,6034,40940,36132,10237,6631
0500000US36065,36065,"Oneida County, New York",17336,8413,15778,14074,31168,4612,8393,5604,17876,10600,26213,3938,11182,1609
0500000US36067,36067,"Onondaga County, New York",18406,2757,18661,4116,28176,5548,7487,5375,18120,3751,27891,3959,6617,2709
0500000US36069,36069,"Ontario County, New York",16310,2950,10965,37492,36919,67841,"2,500-",***,16590,2313,17367,10832,16021,784
0500000US36071,36071,"Orange County, New York",29343,5929,30944,13292,41313,2847,10037,3650,28528,5493,40307,6895,8414,2448
0500000US36075,36075,"Oswego County, New York",4952,17404,25669,29853,47957,51983,"2,500-",***,4359,2228,-,**,4232,1655
0500000US36079,36079,"Putnam County, New York",32348,25162,39075,21752,46048,36181,"2,500-",***,31473,44855,90069,93820,18426,10144
0500000US36081,36081,"Queens County, New York",30930,745,31644,904,40538,969,11496,890,30270,1175,36869,998,12215,1395
0500000US36083,36083,"Rensselaer County, New York",18610,7491,17250,10523,39034,14224,8545,1178,18855,7740,31992,12730,4303,4040
0500000US36085,36085,"Richmond County, New York",29852,4194,31818,3980,47051,7198,6733,2326,27246,3843,35096,3146,11547,1840
0500000US36087,36087,"Rockland County, New York",29105,3295,32015,4321,35903,10278,11540,24490,21850,10055,31974,5894,6704,3533
0500000US36089,36089,"St. Lawrence County, New York",4458,10284,8450,16782,-,**,3581,2291,2765,2082,-,**,2559,2314
0500000US36091,36091,"Saratoga County, New York",19565,20263,31637,3071,50663,25049,10990,34229,16743,5911,50404,39510,16121,959
0500000US36093,36093,"Schenectady County, New York",22222,3068,22400,3457,37827,27425,14125,18807,18347,11712,31195,4457,4014,5023
0500000US36101,36101,"Steuben County, New York",9806,44167,64063,41790,"100,000+",***,"2,500-",***,7081,5018,25524,10566,6700,1776
0500000US36103,36103,"Suffolk County, New York",33901,2638,36526,2001,41961,5388,12836,2129,31503,1891,39968,3878,10129,1324
0500000US36105,36105,"Sullivan County, New York",13962,10569,8277,10297,35662,9499,"2,500-",***,14944,8488,18847,14627,4028,10130
0500000US36109,36109,"Tompkins County, New York",21575,15392,23229,51546,49464,23834,"2,500-",***,21396,5735,26216,74659,19120,14824
0500000US36111,36111,"Ulster County, New York",25578,4187,24746,14643,38976,5668,8125,13291,25793,5484,29227,18652,10310,12162
0500000US36113,36113,"Warren County, New York","2,500-",***,-,**,-,**,-,**,"2,500-",***,-,**,"2,500-",***
0500000US36119,36119,"Westchester County, New York",35098,1899,37813,4624,50081,3433,10859,1988,31712,2680,40038,4366,13525,2715
0500000US37001,37001,"Alamance County, North Carolina",15677,4069,23103,3628,29131,3222,5974,3142,12244,2723,18908,6784,7380,6220
0500000US37019,37019,"Brunswick County, North Carolina",20656,2061,21644,4650,33038,13549,20613,18976,14614,6052,22184,9021,7885,6574
0500000US37021,37021,"Buncombe County, North Carolina",20539,5606,24873,7873,29751,3362,9074,5112,18650,4671,23077,9114,8742,3510
0500000US37023,37023,"Burke County, North Carolina",13471,3745,11590,8163,28875,9454,3695,1705,17574,7853,19243,17654,6750,4340
0500000US37025,37025,"Cabarrus County, North Carolina",22693,4398,24107,6090,32244,16767,10109,9948,19926,8302,36922,9080,10635,1940
0500000US37027,37027,"Caldwell County, North Carolina",11067,14582,17974,5686,21881,3629,4089,8091,6793,11668,19002,7797,6039,3223
0500000US37035,37035,"Catawba County, North Carolina",16615,5437,17141,7771,22597,3281,15430,5417,14954,8190,24760,6178,5949,4941
0500000US37045,37045,"Cleveland County, North Carolina",21025,2658,22036,6649,26104,11898,12224,15163,19146,3211,25801,3727,7749,4162
0500000US37049,37049,"Craven County, North Carolina",21847,2338,29252,8265,40558,4590,8844,3989,18804,4482,23631,2896,10903,1851
0500000US37051,37051,"Cumberland County, North Carolina",21164,1542,29493,3568,36079,2460,9843,2641,16400,1977,23499,2618,8055,1780
0500000US37057,37057,"Davidson County, North Carolina",15546,2557,19375,11962,28708,14382,7061,2551,13157,2146,15750,9680,7396,5939
0500000US37063,37063,"Durham County, North Carolina",21294,1204,21447,2126,31934,2679,6512,2535,21182,1708,31774,2935,8052,1685
0500000US37067,37067,"Forsyth County, North Carolina",21444,1463,22982,3287,31861,2612,8651,2163,20339,2158,27582,3546,10234,2965
0500000US37071,37071,"Gaston County, North Carolina",22529,3683,25975,5452,30106,3129,8397,3983,20643,6908,26429,2380,5591,2443
0500000US37081,37081,"Guilford County, North Carolina",22400,1557,24899,1487,31356,1952,9337,1803,19616,2354,29137,2536,9060,1039
0500000US37085,37085,"Harnett County, North Carolina",16953,1872,17954,2555,26907,6438,15191,9262,15615,3443,22309,3311,10938,1606
0500000US37089,37089,"Henderson County, North Carolina",15677,22021,16302,15869,28796,9187,5547,3330,12200,45616,30804,27406,5844,32630
0500000US37097,37097,"Iredell County, North Carolina",19738,3164,22377,8075,33876,7744,7664,10881,12608,6506,24420,5394,6834,2145
0500000US37101,37101,"Johnston County, North Carolina",17488,4891,16752,4566,26414,11437,7430,2466,19572,6223,31476,5254,6095,1812
0500000US37109,37109,"Lincoln County, North Carolina",10823,4443,9982,2915,-,**,9982,2915,17950,18468,35299,78853,"2,500-",***
0500000US37119,37119,"Mecklenburg County, North Carolina",23348,1074,23871,1858,32442,3113,10210,1654,22933,1337,30312,1741,11377,1486
0500000US37125,37125,"Moore County, North Carolina",17361,7857,20980,8392,23648,13284,5695,4153,15388,3791,21858,3185,10534,12566
0500000US37127,37127,"Nash County, North Carolina",21443,2809,20434,6480,30870,5590,8376,2555,22231,4304,28409,5491,13398,3785
0500000US37129,37129,"New Hanover County, North Carolina",18467,3336,19210,3842,28125,10413,5027,4827,17261,5293,23189,4032,12230,4144
0500000US37133,37133,"Onslow County, North Carolina",21360,2177,24175,3679,25263,4161,19897,8504,17391,4823,24868,5631,12089,2062
0500000US37135,37135,"Orange County, North Carolina",17152,5087,10842,15178,26405,14063,4779,4655,18456,4907,26703,5256,15446,6457
0500000US37147,37147,"Pitt County, North Carolina",20543,2249,25129,2934,27247,3459,11800,9509,16211,3153,22504,2372,10340,1900
0500000US37151,37151,"Randolph County, North Carolina",22376,6624,31880,11696,26343,17521,40123,24292,21253,4255,28441,8663,20222,19966
0500000US37155,37155,"Robeson County, North Carolina",15577,1811,16431,2941,35921,18024,7451,8356,14632,3166,23533,4437,8173,2434
0500000US37157,37157,"Rockingham County, North Carolina",17374,2189,20646,2306,26499,5962,16689,2307,14430,2584,16071,9364,12373,4315
0500000US37159,37159,"Rowan County, North Carolina",16647,1957,17013,4428,35011,11664,4383,1699,16476,3391,26996,4139,6107,7520
0500000US37171,37171,"Surry County, North Carolina",20409,22700,9405,25154,26767,1403,4611,6934,22021,7666,26480,14168,5991,2454
0500000US37179,37179,"Union County, North Carolina",20886,3876,28381,7023,36559,7243,9952,6329,16857,3051,26588,3268,8592,3591
0500000US37183,37183,"Wake County, North Carolina",23020,1838,25598,2484,34418,2432,10882,2677,20822,2323,32511,3378,7365,1445
0500000US37191,37191,"Wayne County, North Carolina",20456,2261,24759,3088,31195,6548,6035,3079,16894,2097,24036,1748,8302,2371
0500000US37193,37193,"Wilkes County, North Carolina",9882,6333,11561,26519,33185,4600,9634,3289,8906,8033,-,**,8586,1922
0500000US37195,37195,"Wilson County, North Carolina",17462,6441,23945,8769,32508,3741,9756,5569,14123,6237,25412,2437,6051,2450
0500000US38015,38015,"Burleigh County, North Dakota",17289,11467,17289,11467,-,**,-,**,-,**,-,**,-,**
0500000US38017,38017,"Cass County, North Dakota",18114,12423,11852,5241,12399,21636,11250,57,19174,12729,23043,5153,11293,12875
0500000US39003,39003,"Allen County, Ohio",21594,5969,21195,9494,27610,2255,8589,11715,25163,11496,39691,6529,15354,4510
0500000US39007,39007,"Ashtabula County, Ohio",15635,11612,11147,18355,41408,29294,6551,4984,22750,10924,22750,10924,-,**
0500000US39017,39017,"Butler County, Ohio",21781,5308,20609,7026,36751,11432,11160,6162,22494,6163,35325,8495,6749,7012
0500000US39023,39023,"Clark County, Ohio",15562,4783,12128,7429,24333,14538,5864,4592,16929,4593,21055,1505,4515,5385
0500000US39025,39025,"Clermont County, Ohio",40548,17200,-,**,-,**,-,**,40548,17200,40883,19776,-,**
0500000US39029,39029,"Columbiana County, Ohio",17810,11461,19534,23098,30669,17817,8750,785,"2,500-",***,-,**,"2,500-",***
0500000US39035,39035,"Cuyahoga County, Ohio",21792,986,22859,1682,34381,2167,8079,1231,21047,1231,30445,937,8663,861
0500000US39041,39041,"Delaware County, Ohio",37146,13421,41075,14281,46179,15800,12009,18977,36396,18434,42417,33982,15625,28869
0500000US39043,39043,"Erie County, Ohio",26044,1849,31102,10540,33653,12122,28372,35335,25446,1495,26514,1160,6406,7837
0500000US39045,39045,"Fairfield County, Ohio",31739,9173,38468,17169,40670,18776,23066,17658,30897,4279,32472,12794,26152,931
0500000US39049,39049,"Franklin County, Ohio",21723,1309,22476,2888,31566,1689,9259,2300,21104,1543,30587,1615,7807,1382
0500000US39057,39057,"Greene County, Ohio",11695,4311,23797,10213,30256,7292,6748,5737,6520,5178,18390,18756,"2,500-",***
0500000US39061,39061,"Hamilton County, Ohio",20110,1704,20225,1978,31344,2418,9582,1950,19987,3259,29265,1901,8996,1674
0500000US39063,39063,"Hancock County, Ohio",30411,5632,31477,676,31477,676,-,**,26023,5709,26696,47945,21635,48133
0500000US39081,39081,"Jefferson County, Ohio",9537,9002,14264,28966,51921,29750,13047,8686,6400,3098,27219,6384,5394,3944
0500000US39085,39085,"Lake County, Ohio",22772,4897,20886,11928,21932,8515,10370,7452,24901,13082,28649,10214,5781,50677
0500000US39089,39089,"Licking County, Ohio",28471,11765,32794,18141,38750,19180,8220,27152,23115,31559,46184,16844,"2,500-",***
0500000US39093,39093,"Lorain County, Ohio",16374,2726,16713,9348,43327,13679,9164,2507,16301,1922,32527,5379,6585,7673
0500000US39095,39095,"Lucas County, Ohio",20162,2180,20434,3429,41194,5403,6171,2181,20009,2675,27776,2066,8073,1700
0500000US39099,39099,"Mahoning County, Ohio",15855,2776,20645,5173,34739,10121,10237,3277,12874,2812,28957,9132,8566,3348
0500000US39101,39101,"Marion County, Ohio",6344,5430,6563,6320,-,**,6563,6320,6145,27207,31189,10956,4214,641
0500000US39103,39103,"Medina County, Ohio",38360,45596,37604,81249,66866,24803,"2,500-",***,45586,36734,80303,38993,23750,45303
0500000US39109,39109,"Miami County, Ohio",42800,25763,44743,26956,56054,9901,20539,30663,33201,24043,33201,24043,-,**
0500000US39113,39113,"Montgomery County, Ohio",21419,1728,21974,2965,34901,6309,8407,2209,21042,2072,30464,2375,7807,2039
0500000US39133,39133,"Portage County, Ohio",18337,10248,19900,19369,53633,42259,4942,8230,7012,9541,40637,11139,5278,2367
0500000US39139,39139,"Richland County, Ohio",19039,2978,17822,7691,21069,10982,10668,14106,22417,24736,40849,7443,8320,5170
0500000US39141,39141,"Ross County, Ohio",9904,9121,5580,3016,48721,44287,3349,3191,43984,21277,48784,25377,27500,39580
0500000US39145,39145,"Scioto County, Ohio",33200,9482,26507,16921,27206,23366,-,**,33875,6641,-,**,42772,78229
0500000US39151,39151,"Stark County, Ohio",12965,4200,14282,7103,33587,6271,6026,6822,12268,3984,44392,20676,8642,2146
0500000US39153,39153,"Summit County, Ohio",21791,1628,23661,3443,34568,4518,8396,2870,20058,3140,27178,1924,8364,5038
0500000US39155,39155,"Trumbull County, Ohio",17952,5341,24016,15526,42016,19453,7833,2773,16066,8136,25826,4528,5517,2112
0500000US39157,39157,"Tuscarawas County, Ohio","2,500-",***,"2,500-",***,-,**,"2,500-",***,13845,453,13845,453,-,**
0500000US39169,39169,"Wayne County, Ohio",10749,7806,11212,5949,-,**,10738,6081,-,**,-,**,-,**
0500000US39173,39173,"Wood County, Ohio",3432,816,3731,2662,41481,17523,3410,1326,3253,899,40185,16834,3112,878
0500000US40027,40027,"Cleveland County, Oklahoma",20858,9450,23460,17643,45074,9041,5725,4368,20026,9125,21538,3264,8484,13965
0500000US40031,40031,"Comanche County, Oklahoma",20968,6707,35189,5135,40060,4706,4881,1632,15329,5274,26231,3292,7578,4187
0500000US40101,40101,"Muskogee County, Oklahoma",22920,9025,24149,1990,50142,36779,5979,18131,14450,10703,40546,14097,5341,2196
0500000US40109,40109,"Oklahoma County, Oklahoma",17381,1782,17857,4568,30401,4956,5813,1670,17221,1474,25333,2428,7879,1398
0500000US40119,40119,"Payne County, Oklahoma",11507,1701,13589,2803,17232,24081,9081,1287,10403,6543,13350,7444,6177,4649
0500000US40131,40131,"Rogers County, Oklahoma",60123,37175,60123,37175,60687,27976,"2,500-",***,-,**,-,**,-,**
0500000US40143,40143,"Tulsa County, Oklahoma",17004,1420,19361,4513,29595,5888,10760,2443,15827,1878,25257,2729,8173,1507
0500000US40145,40145,"Wagoner County, Oklahoma",27188,19628,49668,24640,62462,19412,"2,500-",***,11653,18817,26023,5800,"2,500-",***
0500000US41003,41003,"Benton County, Oregon",36006,3234,36006,3234,-,**,27429,18470,-,**,-,**,-,**
0500000US41017,41017,"Deschutes County, Oregon",-,**,-,**,-,**,-,**,-,**,-,**,-,**
0500000US41019,41019,"Douglas County, Oregon",-,**,-,**,-,**,-,**,-,**,-,**,-,**
0500000US41029,41029,"Jackson County, Oregon",15690,11359,12092,18488,32092,28243,9794,5806,-,**,-,**,-,**
0500000US41033,41033,"Josephine County, Oregon",-,**,-,**,-,**,-,**,-,**,-,**,-,**
0500000US41035,41035,"Klamath County, Oregon",16890,11489,-,**,-,**,-,**,-,**,-,**,-,**
0500000US41047,41047,"Marion County, Oregon",24597,15556,20506,26783,50874,45082,4641,29064,28701,21091,27744,21730,-,**
0500000US41051,41051,"Multnomah County, Oregon",21722,2656,20929,3831,27327,5196,9701,4277,22517,3404,26492,2653,10890,3416
0500000US41053,41053,"Polk County, Oregon",-,**,-,**,-,**,-,**,-,**,-,**,-,**
0500000US41059,41059,"Umatilla County, Oregon",-,**,-,**,-,**,-,**,-,**,-,**,-,**
0500000US41067,41067,"Washington County, Oregon",35796,10510,45288,9070,46934,9074,31786,24008,19830,20232,40694,3608,7464,11712
0500000US42001,42001,"Adams County, Pennsylvania",26150,24958,17253,30174,52250,23174,6262,10444,28209,20277,-,**,28209,20277
0500000US42003,42003,"Allegheny County, Pennsylvania",20095,1488,20465,1677,30429,5332,9139,996,19581,2379,30060,4054,7109,1142
0500000US42005,42005,"Armstrong County, Pennsylvania",22208,28593,27736,16108,28207,9196,"2,500-",***,"2,500-",***,-,**,"2,500-",***
0500000US42007,42007,"Beaver County, Pennsylvania",19117,3080,18784,5159,34263,9817,9044,4042,19783,4770,23361,2702,9774,2979
0500000US42011,42011,"Berks County, Pennsylvania",21835,6182,23091,9995,36558,8563,4789,1849,20878,5474,30110,3772,7284,6525
0500000US42017,42017,"Bucks County, Pennsylvania",30326,2763,31707,3813,41848,5937,18846,9489,27052,3594,34697,8380,15370,11908
0500000US42021,42021,"Cambria County, Pennsylvania",11226,6415,10377,3218,33477,7879,9175,1850,20020,15321,35262,30241,4457,7301
0500000US42027,42027,"Centre County, Pennsylvania",8024,3068,9127,1122,36020,30038,8755,1136,"2,500-",***,43529,32372,"2,500-",***
0500000US42029,42029,"Chester County, Pennsylvania",20557,4127,22341,6640,49477,10873,4858,2389,19590,4709,35469,4878,8027,2946
0500000US42033,42033,"Clearfield County, Pennsylvania",22739,6179,22739,6179,24390,974,18122,7194,-,**,-,**,-,**
0500000US42039,42039,"Crawford County, Pennsylvania",3860,14431,"2,500-",***,-,**,"2,500-",***,4125,18463,26556,23747,3423,1065
0500000US42041,42041,"Cumberland County, Pennsylvania",23354,3702,22513,4033,46021,5844,10163,3726,24583,4370,58160,40595,3645,3056
0500000US42043,42043,"Dauphin County, Pennsylvania",24425,3079,26416,4411,32244,3893,6934,2530,22814,2894,30195,3402,10494,4530
0500000US42045,42045,"Delaware County, Pennsylvania",25467,1756,26451,2116,37758,5448,9364,5704,24209,3035,33185,3791,6796,1031
0500000US42049,42049,"Erie County, Pennsylvania",15618,6992,15666,7505,37279,11560,10084,8126,15571,8766,22021,4546,4476,2152
0500000US42055,42055,"Franklin County, Pennsylvania",25632,6528,26367,18844,41281,5836,4346,8156,22218,10803,33858,6253,16068,21391
0500000US42063,42063,"Indiana County, Pennsylvania","2,500-",***,3936,2472,24281,9073,3615,1289,"2,500-",***,7303,31940,"2,500-",***
0500000US42069,42069,"Lackawanna County, Pennsylvania",20282,9157,11577,16258,20867,10654,7891,3880,22418,24022,31902,12834,"2,500-",***
0500000US42071,42071,"Lancaster County, Pennsylvania",19647,5300,25304,4183,32857,11697,6435,918,16291,3054,19667,9556,5809,1448
0500000US42073,42073,"Lawrence County, Pennsylvania",11578,5108,8558,6441,62672,10956,4310,2523,16097,9159,27756,17332,10775,2017
0500000US42077,42077,"Lehigh County, Pennsylvania",19580,5018,16960,6426,35170,14585,4200,5043,22611,6790,26597,2216,7472,7519
0500000US42079,42079,"Luzerne County, Pennsylvania",5479,3207,7764,6255,27059,18758,4048,885,4161,4715,20641,7862,"2,500-",***
0500000US42081,42081,"Lycoming County, Pennsylvania",26411,12091,31779,9040,36028,8846,5392,5248,4621,25147,-,**,"2,500-",***
0500000US42085,42085,"Mercer County, Pennsylvania",24634,11315,38581,14768,39718,21893,14729,47582,22700,8443,30859,7305,11850,11786
0500000US42089,42089,"Monroe County, Pennsylvania",20798,3298,21124,2092,36549,12801,5945,6651,16972,11636,38646,9770,4562,3645
0500000US42091,42091,"Montgomery County, Pennsylvania",35323,3508,35588,5247,46341,6204,12049,3016,35052,4286,42153,2917,11044,7209
0500000US42095,42095,"Northampton County, Pennsylvania",22891,8632,24851,18812,39534,4193,9465,2816,21379,7544,27038,14753,10657,4559
0500000US42097,42097,"Northumberland County, Pennsylvania",6042,461,6152,456,"100,000+",***,5959,341,-,**,-,**,-,**
0500000US42101,42101,"Philadelphia County, Pennsylvania",24037,1178,24317,2067,35234,1730,8126,1263,23899,1384,32706,1288,9011,797
0500000US42107,42107,"Schuylkill County, Pennsylvania",10544,7615,10437,9496,55032,137115,10432,9649,17188,6797,17188,6797,-,**
0500000US42111,42111,"Somerset County, Pennsylvania",7100,19046,7100,19046,18750,5935,3960,703,-,**,-,**,-,**
0500000US42129,42129,"Westmoreland County, Pennsylvania",10989,5511,10605,5761,30145,10825,5643,4520,12118,9277,32195,22465,6071,4423
0500000US42133,42133,"York County, Pennsylvania",16307,4761,18940,9420,34307,6918,4224,1964,13005,7848,30259,5952,4200,2756
0500000US44003,44003,"Kent County, Rhode Island",36619,14976,36219,15185,90152,94208,"2,500-",***,40168,44639,40763,11976,"2,500-",***
0500000US44005,44005,"Newport County, Rhode Island",31609,3822,30646,3016,31487,35164,26063,37983,33425,25127,34420,9106,8184,6357
0500000US44007,44007,"Providence County, Rhode Island",21276,1215,21650,1885,27200,5627,13883,4096,20837,2222,26586,1295,8709,2175
0500000US45003,45003,"Aiken County, South Carolina",20531,2848,25262,6817,30118,3539,9080,2092,19059,4374,23424,3284,7528,2742
0500000US45007,45007,"Anderson County, South Carolina",16861,2255,21682,7749,31589,7385,9360,2929,15539,2992,30219,5479,6564,1097
0500000US45013,45013,"Beaufort County, South Carolina",19502,2569,21520,2448,24359,8916,14244,1937,17530,2834,22940,5663,9424,3353
0500000US45015,45015,"Berkeley County, South Carolina",24550,3293,28338,2917,32917,10741,20916,4271,20313,2338,22245,5105,13628,2093
0500000US45019,45019,"Charleston County, South Carolina",18581,2899,22031,1120,27047,2023,7411,2494,14803,1882,23720,3144,7071,876
0500000US45031,45031,"Darlington County, South Carolina",20067,4520,24053,2279,27166,4166,9592,8165,13334,2555,20928,8383,6901,4546
0500000US45035,45035,"Dorchester County, South Carolina",19848,4463,20029,7995,29467,4442,4757,2778,19751,4939,23792,2408,9069,2658
0500000US45041,45041,"Florence County, South Carolina",19785,2320,21347,3974,26998,2978,8026,1968,18290,2396,25687,3635,8772,4048
0500000US45045,45045,"Greenville County, South Carolina",18679,2628,20556,4422,29193,2742,6706,940,17712,2583,22338,2010,10014,4085
0500000US45047,45047,"Greenwood County, South Carolina",19159,6379,25813,10458,32003,9965,4960,3761,17173,4353,20646,5547,13355,5249
0500000US45051,45051,"Horry County, South Carolina",16639,1679,19141,2486,25700,1964,9137,4469,14423,2595,19605,4254,7045,3325
0500000US45059,45059,"Laurens County, South Carolina",16293,2696,20599,5131,26226,1391,12143,5577,14631,2892,19383,2628,5183,3694
0500000US45063,45063,"Lexington County, South Carolina",20896,1996,21276,4301,33374,4045,8926,3336,20643,2963,24542,2399,8700,1480
0500000US45073,45073,"Oconee County, South Carolina",17070,8484,21345,18118,32212,2161,11729,15117,15569,5631,23116,10870,9459,8819
0500000US45075,45075,"Orangeburg County, South Carolina",16105,2360,19773,2975,25977,4722,8412,2243,11865,5141,24277,2813,6711,1442
0500000US45077,45077,"Pickens County, South Carolina",8823,9715,19315,30937,53768,677,5938,20580,6453,3703,47667,44957,4305,2232
0500000US45079,45079,"Richland County, South Carolina",21064,743,22149,1473,30643,1682,8579,1766,20119,1139,26126,1827,8431,1399
0500000US45083,45083,"Spartanburg County, South Carolina",19129,1866,22335,5779,30734,4482,8330,3705,18251,1826,24225,4304,10148,2501
0500000US45085,45085,"Sumter County, South Carolina",19904,3243,21967,3985,26040,3828,11380,6369,17525,4244,22064,3305,8590,1227
0500000US45091,45091,"York County, South Carolina",21082,2487,21230,6237,27397,4010,4710,1366,20993,2392,26873,2824,8506,2621
0500000US46099,46099,"Minnehaha County, South Dakota",26207,7787,26090,1230,26970,8731,3585,3983,30124,33391,-,**,"2,500-",***
0500000US46103,46103,"Pennington County, South Dakota",31843,2717,33297,44293,35332,2200,"2,500-",***,-,**,-,**,-,**
0500000US47001,47001,"Anderson County, Tennessee",37443,16637,35917,27042,41931,42312,13159,7195,46947,38791,46971,45273,12478,122636
0500000US47009,47009,"Blount County, Tennessee",16881,10377,15245,17487,50800,42643,4387,5336,21606,31265,46387,13146,6413,4076
0500000US47011,47011,"Bradley County, Tennessee",21354,10783,12050,32900,35055,14339,10837,15099,22060,9732,33384,5711,6543,9317
0500000US47037,47037,"Davidson County, Tennessee",22156,1351,25520,2667,31716,1734,9052,1625,20945,1201,30476,1216,9244,1440
0500000US47059,47059,"Greene County, Tennessee",20351,5081,21127,4428,20671,4660,-,**,14634,10785,-,**,14634,10785
0500000US47065,47065,"Hamilton County, Tennessee",20930,1479,23318,3243,31312,6659,10063,5186,19716,1960,24349,1688,7715,1483
0500000US47093,47093,"Knox County, Tennessee",17959,2944,25488,6863,40651,10973,4787,1697,15184,3210,24463,5251,8377,2567
0500000US47113,47113,"Madison County, Tennessee",14596,2787,17445,8287,32023,4763,6915,3327,13402,2207,28048,7870,5782,1834
0500000US47119,47119,"Maury County, Tennessee",17803,7240,16719,8453,38346,22818,12030,10572,19236,10531,31711,6361,12128,3008
0500000US47125,47125,"Montgomery County, Tennessee",17468,4438,21253,6819,30628,1525,10007,2871,15232,6530,26933,4489,8426,2498
0500000US47141,47141,"Putnam County, Tennessee",16744,6106,"2,500-",***,"100,000+",***,"2,500-",***,16912,6588,-,**,16912,6588
0500000US47149,47149,"Rutherford County, Tennessee",21858,2358,22817,4423,28922,9623,7477,2181,21530,2337,26883,4088,6372,1747
0500000US47155,47155,"Sevier County, Tennessee",-,**,-,**,-,**,-,**,-,**,-,**,-,**
0500000US47157,47157,"Shelby County, Tennessee",21803,665,23546,1262,31264,1204,9633,1833,20854,714,26318,737,10872,947
0500000US47163,47163,"Sullivan County, Tennessee",21807,18173,15810,41137,46474,16180,6319,4024,25400,17997,28875,8010,7931,7193
0500000US47165,47165,"Sumner County, Tennessee",21887,5983,23736,7819,26067,5818,13750,2677,16991,14504,36657,9074,8160,3038
0500000US47179,47179,"Washington County, Tennessee",15800,4666,9886,16126,38718,26254,2807,4522,16418,2716,26538,12781,9663,12256
0500000US47187,47187,"Williamson County, Tennessee",16427,11255,28028,31428,33533,28735,7015,2797,16153,6031,24105,23583,8671,8111
0500000US47189,47189,"Wilson County, Tennessee",21856,6303,23111,5518,46595,34718,4240,2065,18787,7720,26719,5408,4130,5145
0500000US48005,48005,"Angelina County, Texas",17963,2801,21075,4252,30857,16993,5154,1781,16067,2341,18089,3125,4605,10883
0500000US48021,48021,"Bastrop County, Texas",19674,13543,19603,21998,65005,77660,4134,2726,22686,18910,25691,11226,12520,14965
0500000US48027,48027,"Bell County, Texas",23914,3380,27796,5217,37506,8649,14737,7737,19899,2023,25820,6299,9344,3051
0500000US48029,48029,"Bexar County, Texas",21871,1261,25828,4136,35671,2077,8541,1751,20005,2882,27957,2419,7694,2255
0500000US48037,48037,"Bowie County, Texas",20692,5327,16666,4358,23065,11499,8294,6760,23142,2946,24157,5891,10573,18342
0500000US48039,48039,"Brazoria County, Texas",27111,8765,36239,11872,49030,12881,16530,13390,22191,8329,42897,6142,6057,2769
0500000US48041,48041,"Brazos County, Texas",16856,2966,20003,6299,32316,6996,5727,4571,14778,7610,26348,4059,"2,500-",***
0500000US48085,48085,"Collin County, Texas",30658,5396,32086,8896,50029,6299,10017,7085,29474,5385,40674,4324,12285,3974
0500000US48091,48091,"Comal County, Texas",33862,17761,32237,30632,42577,21622,7268,65908,34119,21051,33878,20016,45446,84606
0500000US48099,48099,"Coryell County, Texas",31711,11278,43156,24020,43914,11296,21184,43690,30219,11798,32423,7511,21639,30911
0500000US48113,48113,"Dallas County, Texas",25140,1015,27259,1664,36415,1053,9764,1826,23524,1207,32648,1285,9939,977
0500000US48121,48121,"Denton County, Texas",26114,2982,33294,7478,43354,7664,10291,4283,21239,5133,42110,8852,7363,3381
0500000US48135,48135,"Ector County, Texas",14895,5830,14096,22463,37143,33712,7697,10241,15476,5077,18557,5020,6279,3244
0500000US48139,48139,"Ellis County, Texas",13806,5957,21185,25891,54347,28929,8180,14737,10722,3730,34787,33867,5691,3403
0500000US48141,48141,"El Paso County, Texas",25954,3704,26343,5970,31195,1259,7099,5574,25699,5808,30210,3651,11930,11226
0500000US48157,48157,"Fort Bend County, Texas",34491,2483,34644,4004,43167,4174,11351,1586,34290,3753,37332,1837,13961,7527
0500000US48167,48167,"Galveston County, Texas",19587,3665,22158,7894,32420,8402,8163,2236,17265,4057,27795,8103,6296,5989
0500000US48181,48181,"Grayson County, Texas",18818,5757,24880,7977,33104,9193,10412,11202,14172,5798,19392,26597,12403,9452
0500000US48183,48183,"Gregg County, Texas",17625,3731,29665,3766,35649,3516,9289,12994,15108,6850,19483,6139,8229,3306
0500000US48187,48187,"Guadalupe County, Texas",11846,19319,11792,4999,46968,4563,4800,5527,20459,31573,45134,19144,6413,419
0500000US48201,48201,"Harris County, Texas",23777,1118,26261,905,36061,1087,8391,1320,22055,867,31325,1130,9035,1121
0500000US48209,48209,"Hays County, Texas",4274,2182,4493,2655,32283,59432,3833,776,4043,14642,65330,76374,2910,1155
0500000US48213,48213,"Henderson County, Texas",13563,5603,20332,11816,24141,20480,12565,23053,9812,6485,14198,16744,6660,712
0500000US48215,48215,"Hidalgo County, Texas",7664,11467,10257,9887,12281,34868,"2,500-",***,"2,500-",***,55653,4969,"2,500-",***
0500000US48231,48231,"Hunt County, Texas",15525,5835,10153,5721,21690,20846,4288,2667,16852,8272,31196,14086,11515,9426
0500000US48245,48245,"Jefferson County, Texas",18932,1827,22052,2962,30643,3601,6893,2400,15837,2437,25970,1663,9309,2267
0500000US48251,48251,"Johnson County, Texas",24973,15120,23526,9817,24742,18488,21107,26341,27947,21791,27198,26843,28793,24595
0500000US48257,48257,"Kaufman County, Texas",18760,5216,11446,5420,22722,7796,6264,1083,26886,10917,35794,11602,14679,20544
0500000US48291,48291,"Liberty County, Texas",11967,4557,20294,18005,40298,15657,4162,6871,10689,4181,16670,7557,6348,648
0500000US48303,48303,"Lubbock County, Texas",14639,3610,13048,4640,24503,18393,10243,1858,16410,4791,21621,2189,9772,4625
0500000US48309,48309,"McLennan County, Texas",17256,2517,23997,9453,31606,4910,7063,2605,15664,2835,25892,3522,6805,3584
0500000US48329,48329,"Midland County, Texas",20356,4616,19217,10951,38121,15945,3696,7377,22206,9417,24044,3583,8226,13124
0500000US48339,48339,"Montgomery County, Texas",28442,4261,29954,2174,40346,16885,6503,36415,24574,10891,41677,1417,7837,14549
0500000US48355,48355,"Nueces County, Texas",12400,9491,10334,16393,42215,62813,"2,500-",***,15704,9540,23574,10116,7739,6860
0500000US48361,48361,"Orange County, Texas",11250,12410,"2,500-",***,27442,11262,"2,500-",***,15541,8986,16886,14082,10535,11641
0500000US48367,48367,"Parker County, Texas","100,000+",***,"100,000+",***,"100,000+",***,-,**,-,**,-,**,-,**
0500000US48375,48375,"Potter County, Texas",14400,4102,14764,16110,26718,24046,"2,500-",***,7807,13061,21392,8023,5095,2865
0500000US48381,48381,"Randall County, Texas",22378,10144,21759,5404,21759,5404,-,**,28679,17397,29358,37500,"2,500-",***
0500000US48397,48397,"Rockwall County, Texas",46117,29586,59146,8155,59406,8042,19489,25720,25927,24354,30633,3799,5242,1825
0500000US48409,48409,"San Patricio County, Texas",21812,4667,22060,5867,32892,4258,21021,23165,11780,69345,-,**,-,**
0500000US48423,48423,"Smith County, Texas",15034,2312,16174,5520,36692,8304,4732,2639,14502,2174,26648,8482,9430,2379
0500000US48439,48439,"Tarrant County, Texas",23667,1656,26996,2245,38505,4008,7496,1574,21302,982,31284,1144,9506,1344
0500000US48441,48441,"Taylor County, Texas",24583,5884,23387,8961,27245,12709,11575,11299,24843,7504,25849,3175,8617,7010
0500000US48451,48451,"Tom Green County, Texas",14991,16311,5548,23720,36821,23225,4031,3263,21080,5331,28828,10181,7508,9373
0500000US48453,48453,"Travis County, Texas",23975,2371,26519,4511,36627,5466,7060,1942,22498,2008,29602,3733,7311,2253
0500000US48469,48469,"Victoria County, Texas",17293,5089,25963,14186,31710,5279,9784,8237,16561,1943,16879,6257,8139,13846
0500000US48485,48485,"Wichita County, Texas",16168,2905,20061,8843,32555,22072,10266,6021,15556,3414,17355,7168,7230,10098
0500000US48491,48491,"Williamson County, Texas",29474,4226,32132,6616,33821,10272,23521,13096,25407,10504,32490,2684,9289,6514
0500000US49005,49005,"Cache County, Utah",27239,485,-,**,-,**,-,**,-,**,-,**,-,**
0500000US49011,49011,"Davis County, Utah",35731,5491,31443,11726,36943,2410,2979,1792,37133,2891,37856,9417,10422,1386
0500000US49035,49035,"Salt Lake County, Utah",21717,5478,21349,8180,39970,23084,5784,9496,22381,10710,26118,8185,8335,5001
0500000US49049,49049,"Utah County, Utah",12079,4306,12405,4292,45669,28795,9854,3238,4063,27414,16399,22687,"2,500-",***
0500000US49053,49053,"Washington County, Utah",15753,17370,6697,33262,-,**,-,**,16935,12057,16935,12057,-,**
0500000US49057,49057,"Weber County, Utah",12808,18098,23416,21299,38266,11978,4865,7483,"2,500-",***,-,**,"2,500-",***
0500000US50007,50007,"Chittenden County, Vermont",18132,3886,17635,26557,22861,5052,2874,1710,24841,17156,16763,8565,31315,19270
0500000US51003,51003,"Albemarle County, Virginia",18795,5300,16435,2253,23344,21517,9360,11252,24010,7537,36023,13344,12946,3119
0500000US51013,51013,"Arlington County, Virginia",36231,15888,29941,29285,50867,12133,22290,6682,40029,17811,45519,17066,8434,4634
0500000US51019,51019,"Bedford County, Virginia",23861,8228,22908,12396,36750,14876,"2,500-",***,27573,12333,28999,12279,15799,2297
0500000US51041,51041,"Chesterfield County, Virginia",30782,1541,31371,2730,45596,6392,6419,916,30363,3250,36076,2256,9432,3945
0500000US51059,51059,"Fairfax County, Virginia",37431,2525,40867,2301,50517,5451,12129,1653,32141,5446,43074,2731,11664,4829
0500000US51061,51061,"Fauquier County, Virginia",30461,33900,37545,23966,38266,30323,-,**,28175,54885,60444,21266,7797,1943
0500000US51069,51069,"Frederick County, Virginia",28846,19399,14883,23402,29950,82159,12979,1754,39735,14963,41095,5485,11448,562
0500000US51085,51085,"Hanover County, Virginia",23144,5997,27306,12761,36611,3612,15993,3261,18333,9123,38208,14116,10779,2395
0500000US51087,51087,"Henrico County, Virginia",30018,2260,33120,2902,39594,4528,12177,4484,27131,2410,32264,1927,12953,4725
0500000US51107,51107,"Loudoun County, Virginia",32347,11322,31336,11567,75947,21101,9540,6542,34345,17580,47966,5123,7016,2579
0500000US51121,51121,"Montgomery County, Virginia",22020,7552,27143,20079,45488,22729,14315,13127,12140,22546,27449,8771,3380,2037
0500000US51153,51153,"Prince William County, Virginia",41074,2755,42368,4757,52319,8273,23102,14314,38727,3749,44949,3099,13395,7449
0500000US51161,51161,"Roanoke County, Virginia",32002,7964,36224,18092,36083,14290,-,**,25861,8853,32917,17879,2774,14148
0500000US51177,51177,"Spotsylvania County, Virginia",30822,2248,31826,4220,42090,9114,20029,16846,30136,6556,31476,3026,6796,2918
0500000US51179,51179,"Stafford County, Virginia",40802,2544,45204,7079,53154,12869,17218,8064,36467,3094,42472,7708,12431,3531
0500000US51510,51510,"Alexandria city, Virginia",31898,4162,35198,8519,41508,6250,22575,7891,30438,5449,36418,4480,14749,10295
0500000US51550,51550,"Chesapeake city, Virginia",28398,1736,33014,5125,41581,2717,18181,5310,23773,3716,31058,1894,12497,1849
0500000US51650,51650,"Hampton city, Virginia",26586,2055,30618,3572,34778,3816,12129,9431,21265,3493,29170,2649,5126,1648
0500000US51680,51680,"Lynchburg city, Virginia",17299,2922,17445,3898,26670,14411,4011,1303,17231,4440,27390,3816,9316,5004
0500000US51700,51700,"Newport News city, Virginia",22423,1803,25577,2697,35000,5083,12208,2388,21193,1608,24888,5236,11109,2900
0500000US51710,51710,"Norfolk city, Virginia",18640,993,23720,3069,29929,1874,11482,1805,14446,2130,23663,2420,8513,1362
0500000US51740,51740,"Portsmouth city, Virginia",21124,776,22462,4263,27155,12315,11751,2745,18845,1493,24491,4720,10220,4334
0500000US51760,51760,"Richmond city, Virginia",21303,1242,23959,2854,29465,3193,10090,3629,18998,2751,27205,2257,9330,2115
0500000US51770,51770,"Roanoke city, Virginia",21916,3403,24051,3652,30172,7079,12307,5533,18475,5106,30063,4275,8673,2574
0500000US51800,51800,"Suffolk city, Virginia",25730,3784,38447,12737,46830,6256,19769,10158,20788,3645,32661,4531,9537,1861
0500000US51810,51810,"Virginia Beach city, Virginia",26415,2073,28077,2664,35673,3119,10347,2130,24885,2423,30177,1426,10942,1471
0500000US53009,53009,"Clallam County, Washington",25454,19715,25454,19715,-,**,25022,25239,-,**,-,**,-,**
0500000US53015,53015,"Cowlitz County, Washington",-,**,-,**,-,**,-,**,-,**,-,**,-,**
0500000US53021,53021,"Franklin County, Washington",25762,9138,37875,27780,37875,27780,-,**,20993,9750,21667,18999,"2,500-",***
0500000US53025,53025,"Grant County, Washington",15808,3495,16250,18177,61920,27103,15974,3486,-,**,-,**,-,**
0500000US53029,53029,"Island County, Washington",26888,3198,27363,5086,27500,5253,-,**,25979,7609,25979,7609,-,**
0500000US53033,53033,"King County, Washington",24387,2931,25549,4141,42351,5758,11454,1704,23142,3136,37959,3009,7324,1545
0500000US53035,53035,"Kitsap County, Washington",25301,2633,26313,5429,30362,6813,"2,500-",***,11193,30372,25945,16518,3735,13790
0500000US53041,53041,"Lewis County, Washington",-,**,-,**,-,**,-,**,-,**,-,**,-,**
0500000US53053,53053,"Pierce County, Washington",28132,4325,30520,3574,37363,4456,8944,2918,22824,8308,36309,5417,9654,3730
0500000US53061,53061,"Snohomish County, Washington",31143,3324,33983,5739,39096,6252,13382,12485,16736,7380,35786,26432,9555,6861
0500000US53063,53063,"Spokane County, Washington",15133,5093,19186,7787,30686,1699,11356,2404,8463,8453,26786,24588,4911,3397
0500000US53067,53067,"Thurston County, Washington",27248,14175,41780,6001,47831,5993,24968,14844,16167,7680,12076,19294,17882,9784
0500000US54003,54003,"Berkeley County, West Virginia",24238,10661,21619,8113,58000,18206,16230,7266,30054,16959,41096,3825,22784,18703
0500000US54011,54011,"Cabell County, West Virginia",20009,5519,22396,6895,26121,8882,4332,7924,16546,8808,19242,2820,11793,8974
0500000US54033,54033,"Harrison County, West Virginia",-,**,-,**,-,**,-,**,-,**,-,**,-,**
0500000US54039,54039,"Kanawha County, West Virginia",14786,5113,16183,14090,26199,9009,"2,500-",***,13874,4800,19215,4773,9053,4693
0500000US54061,54061,"Monongalia County, West Virginia",11606,7235,19329,8495,21886,5921,11127,11137,10722,1814,19796,25674,10373,3590
0500000US54081,54081,"Raleigh County, West Virginia",21005,6209,20119,6582,45014,55171,10211,13513,23825,14019,24933,15909,10497,47086
0500000US54107,54107,"Wood County, West Virginia",-,**,-,**,-,**,-,**,-,**,-,**,-,**
0500000US55025,55025,"Dane County, Wisconsin",22048,5739,24069,4233,31477,3399,12637,8092,16022,6070,30386,9252,6198,3545
0500000US55027,55027,"Dodge County, Wisconsin","2,500-",***,"2,500-",***,9470,5272,"2,500-",***,-,**,-,**,-,**
0500000US55039,55039,"Fond du Lac County, Wisconsin",6181,9786,-,**,-,**,-,**,5913,3249,-,**,5913,3249
0500000US55059,55059,"Kenosha County, Wisconsin",17246,12979,25047,18619,32318,18481,10696,10787,9863,12856,26701,2538,3720,6390
0500000US55063,55063,"La Crosse County, Wisconsin",11437,4652,11437,4652,-,**,11150,698,-,**,-,**,-,**
0500000US55071,55071,"Manitowoc County, Wisconsin",16250,41,16521,2542,16521,2542,-,**,-,**,-,**,-,**
0500000US55079,55079,"Milwaukee County, Wisconsin",19786,1846,22342,2502,30240,2567,8597,2313,18145,2091,28484,1822,7571,1053
0500000US55089,55089,"Ozaukee County, Wisconsin",55724,46616,55724,46616,56391,30979,-,**,-,**,-,**,-,**
0500000US55097,55097,"Portage County, Wisconsin",-,**,-,**,-,**,-,**,-,**,-,**,-,**
0500000US55101,55101,"Racine County, Wisconsin",18459,5087,11791,6727,28382,2904,6144,6702,21014,2890,25540,5149,9803,12590
0500000US55105,55105,"Rock County, Wisconsin",22041,14890,27521,14633,29420,5286,10500,21253,20713,17574,29055,2672,10647,15768
0500000US55109,55109,"St. Croix County, Wisconsin",28750,31030,-,**,-,**,-,**,-,**,-,**,-,**
0500000US55117,55117,"Sheboygan County, Wisconsin",9432,8989,11617,6244,-,**,10054,3183,2683,2872,-,**,"2,500-",***
0500000US55131,55131,"Washington County, Wisconsin",-,**,-,**,-,**,-,**,-,**,-,**,-,**
0500000US55139,55139,"Winnebago County, Wisconsin","2,500-",***,"2,500-",***,"2,500-",***,"2,500-",***,-,**,-,**,-,**
0500000US55141,55141,"Wood County, Wisconsin",67151,34846,"100,000+",***,"100,000+",***,-,**,-,**,-,**,-,**
0500000US56021,56021,"Laramie County, Wyoming",32245,10937,30056,21075,30056,21075,-,**,33090,14765,-,**,33511,27312
